match_id,source_archive,date,format,team,opponent,venue,city,event,season,innings_number,super_over,batting_position,runs,balls,fours,sixes,dots,strike_rate,dismissed,not_out,dismissal_kind,fielder,team_score,team_wickets,team_run_share,chasing,target_runs,winner,result,outcome_method
598017,ipl_male_json.zip,2013-04-16,IPL,Royal Challengers Bangalore,Delhi Daredevils,M Chinnaswamy Stadium,Bangalore,Indian Premier League,2013,2,False,2,12,12,2,0,7,100.0,True,False,caught,DPMD Jayawardene,152,7,0.0789,True,153.0,,tie,
598045,ipl_male_json.zip,2013-05-14,IPL,Royal Challengers Bangalore,Kings XI Punjab,M Chinnaswamy Stadium,Bangalore,Indian Premier League,2013,1,False,6,8,4,2,0,2,200.0,True,False,caught,Mandeep Singh,174,5,0.046,False,,Kings XI Punjab,loss,
729285,ipl_male_json.zip,2014-04-18,IPL,Sunrisers Hyderabad,Rajasthan Royals,Sheikh Zayed Stadium,Abu Dhabi,Indian Premier League,2014,1,False,4,20,18,1,1,7,111.11,True,False,caught,AM Rahane,133,6,0.1504,False,,Rajasthan Royals,loss,
729295,ipl_male_json.zip,2014-04-22,IPL,Sunrisers Hyderabad,Kings XI Punjab,Sharjah Cricket Stadium,Unknown,Indian Premier League,2014,2,False,4,27,27,1,1,9,100.0,True,False,caught,DA Miller,121,10,0.2231,True,194.0,Kings XI Punjab,loss,
729311,ipl_male_json.zip,2014-04-27,IPL,Sunrisers Hyderabad,Chennai Super Kings,Sharjah Cricket Stadium,Unknown,Indian Premier League,2014,1,False,4,25,27,1,1,10,92.59,True,False,caught,IC Pandey,145,5,0.1724,False,,Chennai Super Kings,loss,
729317,ipl_male_json.zip,2014-04-30,IPL,Sunrisers Hyderabad,Mumbai Indians,Dubai International Cricket Stadium,Unknown,Indian Premier League,2014,1,False,3,46,40,3,0,9,115.0,True,False,caught,CM Gautam,172,5,0.2674,False,,Sunrisers Hyderabad,win,
733977,ipl_male_json.zip,2014-05-04,IPL,Sunrisers Hyderabad,Royal Challengers Bangalore,M Chinnaswamy Stadium,Bangalore,Indian Premier League,2014,1,False,3,6,6,1,0,4,100.0,True,False,caught,CH Gayle,155,6,0.0387,False,,Royal Challengers Bangalore,loss,
733989,ipl_male_json.zip,2014-05-08,IPL,Sunrisers Hyderabad,Rajasthan Royals,"Sardar Patel Stadium, Motera",Ahmedabad,Indian Premier League,2014,1,False,3,18,18,2,0,7,100.0,True,False,bowled,,134,9,0.1343,False,,Sunrisers Hyderabad,win,
734001,ipl_male_json.zip,2014-05-12,IPL,Sunrisers Hyderabad,Mumbai Indians,"Rajiv Gandhi International Stadium, Uppal",Hyderabad,Indian Premier League,2014,1,False,3,10,13,1,0,7,76.92,True,False,run out,RG Sharma,157,3,0.0637,False,,Mumbai Indians,loss,
734015,ipl_male_json.zip,2014-05-18,IPL,Sunrisers Hyderabad,Kolkata Knight Riders,"Rajiv Gandhi International Stadium, Uppal",Hyderabad,Indian Premier League,2014,1,False,5,14,15,2,0,7,93.33,True,False,lbw,,142,8,0.0986,False,,Kolkata Knight Riders,loss,
754741,tests_male_json.zip,2014-12-26,Test,India,Australia,Melbourne Cricket Ground,Unknown,Border-Gavaskar Trophy,2014/15,2,False,6,3,8,0,0,6,37.5,True,False,caught,JR Hazlewood,465,10,0.0065,False,,,no_result,
754741,tests_male_json.zip,2014-12-26,Test,India,Australia,Melbourne Cricket Ground,Unknown,Border-Gavaskar Trophy,2014/15,4,False,3,1,5,0,0,4,20.0,True,False,caught,SR Watson,174,6,0.0057,False,,,no_result,
754743,tests_male_json.zip,2015-01-06,Test,India,Australia,Sydney Cricket Ground,Unknown,Border-Gavaskar Trophy,2014/15,2,False,2,110,262,13,1,213,41.98,True,False,caught and bowled,,475,10,0.2316,False,,,no_result,
754743,tests_male_json.zip,2015-01-06,Test,India,Australia,Sydney Cricket Ground,Unknown,Border-Gavaskar Trophy,2014/15,4,False,2,16,40,3,0,35,40.0,True,False,caught,DA Warner,252,7,0.0635,False,,,no_result,
829711,ipl_male_json.zip,2015-04-11,IPL,Sunrisers Hyderabad,Chennai Super Kings,"MA Chidambaram Stadium, Chepauk",Chennai,Indian Premier League,2015,2,False,3,5,8,1,0,6,62.5,True,False,bowled,,164,6,0.0305,True,210.0,Chennai Super Kings,loss,
829719,ipl_male_json.zip,2015-04-13,IPL,Sunrisers Hyderabad,Royal Challengers Bangalore,M Chinnaswamy Stadium,Bangalore,Indian Premier League,2015,2,False,4,44,28,4,1,4,157.14,False,True,not out,,172,2,0.2558,True,167.0,Sunrisers Hyderabad,win,
829727,ipl_male_json.zip,2015-04-16,IPL,Sunrisers Hyderabad,Rajasthan Royals,Dr. Y.S. Rajasekhara Reddy ACA-VDCA Cricket Stadium,Visakhapatnam,Indian Premier League,2015,1,False,3,2,5,0,0,4,40.0,True,False,lbw,,127,5,0.0157,False,,Rajasthan Royals,loss,
829731,ipl_male_json.zip,2015-04-18,IPL,Sunrisers Hyderabad,Delhi Daredevils,Dr. Y.S. Rajasekhara Reddy ACA-VDCA Cricket Stadium,Visakhapatnam,Indian Premier League,2015,2,False,4,24,21,0,2,8,114.29,True,False,bowled,,163,8,0.1472,True,168.0,Delhi Daredevils,loss,
829743,ipl_male_json.zip,2015-04-22,IPL,Sunrisers Hyderabad,Kolkata Knight Riders,Dr. Y.S. Rajasekhara Reddy ACA-VDCA Cricket Stadium,Visakhapatnam,Indian Premier League,2015,1,False,6,0,3,0,0,3,0.0,False,True,not out,,176,4,0.0,False,,Sunrisers Hyderabad,win,D/L
829751,ipl_male_json.zip,2015-04-25,IPL,Sunrisers Hyderabad,Mumbai Indians,Wankhede Stadium,Mumbai,Indian Premier League,2015,2,False,3,25,27,0,1,11,92.59,True,False,caught,AT Rayudu,137,8,0.1825,True,158.0,Mumbai Indians,loss,
829799,ipl_male_json.zip,2015-05-11,IPL,Sunrisers Hyderabad,Kings XI Punjab,"Rajiv Gandhi International Stadium, Uppal",Hyderabad,Indian Premier League,2015,1,False,6,17,10,1,1,3,170.0,False,True,not out,,185,5,0.0919,False,,Sunrisers Hyderabad,win,
829815,ipl_male_json.zip,2015-05-17,IPL,Sunrisers Hyderabad,Mumbai Indians,"Rajiv Gandhi International Stadium, Uppal",Hyderabad,Indian Premier League,2015,1,False,5,25,24,2,0,8,104.17,True,False,bowled,,113,10,0.2212,False,,Mumbai Indians,loss,
895773,tests_male_json.zip,2015-08-12,Test,India,Sri Lanka,Galle International Stadium,Unknown,India in Sri Lanka Test Series,2015,2,False,1,7,7,0,0,3,100.0,True,False,lbw,,375,10,0.0187,False,,Sri Lanka,loss,
895773,tests_male_json.zip,2015-08-12,Test,India,Sri Lanka,Galle International Stadium,Unknown,India in Sri Lanka Test Series,2015,4,False,1,5,14,0,0,11,35.71,True,False,lbw,,112,10,0.0446,False,,Sri Lanka,loss,
895775,tests_male_json.zip,2015-08-20,Test,India,Sri Lanka,P Sara Oval,Colombo,India in Sri Lanka Test Series,2015,1,False,2,108,190,13,1,136,56.84,True,False,caught,LD Chandimal,393,10,0.2748,False,,India,win,
895775,tests_male_json.zip,2015-08-20,Test,India,Sri Lanka,P Sara Oval,Colombo,India in Sri Lanka Test Series,2015,3,False,2,2,3,0,0,2,66.67,True,False,bowled,,325,8,0.0062,False,,India,win,
895777,tests_male_json.zip,2015-08-28,Test,India,Sri Lanka,Sinhalese Sports Club Ground,Colombo,India in Sri Lanka Test Series,2015,1,False,1,2,2,0,0,1,100.0,True,False,bowled,,312,10,0.0064,False,,India,win,
895777,tests_male_json.zip,2015-08-28,Test,India,Sri Lanka,Sinhalese Sports Club Ground,Colombo,India in Sri Lanka Test Series,2015,3,False,2,2,8,0,0,7,25.0,True,False,bowled,,274,10,0.0073,False,,India,win,
980927,ipl_male_json.zip,2016-04-20,IPL,Royal Challengers Bangalore,Mumbai Indians,Wankhede Stadium,Mumbai,Indian Premier League,2016,1,False,2,23,14,2,2,8,164.29,True,False,caught,Harbhajan Singh,170,7,0.1353,False,,Mumbai Indians,loss,
980931,ipl_male_json.zip,2016-04-22,IPL,Royal Challengers Bangalore,Rising Pune Supergiants,Maharashtra Cricket Association Stadium,Pune,Indian Premier League,2016,1,False,2,7,10,1,0,6,70.0,True,False,caught,I Sharma,185,3,0.0378,False,,Royal Challengers Bangalore,win,
980937,ipl_male_json.zip,2016-04-24,IPL,Royal Challengers Bangalore,Gujarat Lions,Saurashtra Cricket Association Stadium,Rajkot,Indian Premier League,2016,1,False,4,51,35,4,3,11,145.71,False,True,not out,,180,2,0.2833,False,,Gujarat Lions,loss,
980953,ipl_male_json.zip,2016-04-30,IPL,Royal Challengers Bangalore,Sunrisers Hyderabad,"Rajiv Gandhi International Stadium, Uppal",Hyderabad,Indian Premier League,2016,2,False,2,51,28,6,1,4,182.14,True,False,caught,NV Ojha,179,6,0.2849,True,195.0,Sunrisers Hyderabad,loss,
980959,ipl_male_json.zip,2016-05-02,IPL,Royal Challengers Bangalore,Kolkata Knight Riders,M Chinnaswamy Stadium,Bangalore,Indian Premier League,2016,1,False,1,52,32,6,2,9,162.5,True,False,caught,YK Pathan,185,7,0.2811,False,,Kolkata Knight Riders,loss,
980969,ipl_male_json.zip,2016-05-07,IPL,Royal Challengers Bangalore,Rising Pune Supergiants,M Chinnaswamy Stadium,Bangalore,Indian Premier League,2016,2,False,2,38,35,1,2,13,108.57,True,False,caught,GJ Bailey,195,3,0.1949,True,192.0,Royal Challengers Bangalore,win,
980977,ipl_male_json.zip,2016-05-09,IPL,Royal Challengers Bangalore,Kings XI Punjab,"Punjab Cricket Association IS Bindra Stadium, Mohali",Chandigarh,Indian Premier League,2016,1,False,2,42,25,6,1,7,168.0,True,False,bowled,,175,6,0.24,False,,Royal Challengers Bangalore,win,
980981,ipl_male_json.zip,2016-05-11,IPL,Royal Challengers Bangalore,Mumbai Indians,M Chinnaswamy Stadium,Bangalore,Indian Premier League,2016,1,False,4,68,53,3,4,20,128.3,False,True,not out,,151,4,0.4503,False,,Mumbai Indians,loss,
980999,ipl_male_json.zip,2016-05-18,IPL,Royal Challengers Bangalore,Kings XI Punjab,M Chinnaswamy Stadium,Bangalore,Indian Premier League,2016,1,False,4,16,6,3,0,0,266.67,False,True,not out,,211,3,0.0758,False,,Royal Challengers Bangalore,win,D/L
981011,ipl_male_json.zip,2016-05-22,IPL,Royal Challengers Bangalore,Delhi Daredevils,Shaheed Veer Narayan Singh International Stadium,Raipur,Indian Premier League,2016,2,False,4,38,23,4,1,6,165.22,True,False,bowled,,139,4,0.2734,True,139.0,Royal Challengers Bangalore,win,
981013,ipl_male_json.zip,2016-05-24,IPL,Royal Challengers Bangalore,Gujarat Lions,M Chinnaswamy Stadium,Bangalore,Indian Premier League,2016,2,False,4,0,1,0,0,1,0.0,True,False,caught,DR Smith,159,6,0.0,True,159.0,Royal Challengers Bangalore,win,
981019,ipl_male_json.zip,2016-05-29,IPL,Royal Challengers Bangalore,Sunrisers Hyderabad,M Chinnaswamy Stadium,Bangalore,Indian Premier League,2016,2,False,4,11,9,1,0,1,122.22,True,False,bowled,,200,7,0.055,True,209.0,Sunrisers Hyderabad,loss,
1007649,odis_male_json.zip,2016-06-11,ODI,India,Zimbabwe,Harare Sports Club,Unknown,India in Zimbabwe ODI Series,2016,2,False,1,100,115,7,1,50,86.96,False,True,not out,,173,1,0.578,True,169.0,India,win,
1007651,odis_male_json.zip,2016-06-13,ODI,India,Zimbabwe,Harare Sports Club,Unknown,India in Zimbabwe ODI Series,2016,2,False,1,33,50,4,0,35,66.0,True,False,bowled,,129,2,0.2558,True,127.0,India,win,
1007653,odis_male_json.zip,2016-06-15,ODI,India,Zimbabwe,Harare Sports Club,Unknown,India in Zimbabwe ODI Series,2016,2,False,1,63,70,4,2,34,90.0,False,True,not out,,126,0,0.5,True,124.0,India,win,
1007655,t20s_male_json.zip,2016-06-18,T20I,India,Zimbabwe,Harare Sports Club,Unknown,India in Zimbabwe T20I Series,2016,2,False,1,0,1,0,0,1,0.0,True,False,bowled,,168,6,0.0,True,171.0,Zimbabwe,loss,
1007657,t20s_male_json.zip,2016-06-20,T20I,India,Zimbabwe,Harare Sports Club,Unknown,India in Zimbabwe T20I Series,2016,2,False,1,47,40,2,2,15,117.5,False,True,not out,,103,0,0.4563,True,100.0,India,win,
1007659,t20s_male_json.zip,2016-06-22,T20I,India,Zimbabwe,Harare Sports Club,Unknown,India in Zimbabwe T20I Series,2016,1,False,1,22,20,3,1,12,110.0,True,False,bowled,,138,6,0.1594,False,,India,win,
1022595,tests_male_json.zip,2016-07-30,Test,India,West Indies,"Sabina Park, Kingston",Jamaica,India in West Indies Test Series,2016,2,False,1,158,303,15,3,225,52.15,True,False,caught,SO Dowrich,500,9,0.316,False,,,no_result,
1022597,tests_male_json.zip,2016-08-09,Test,India,West Indies,"Darren Sammy National Cricket Stadium, Gros Islet",St Lucia,India in West Indies Test Series,2016,1,False,1,50,65,6,0,44,76.92,True,False,caught,KC Brathwaite,353,10,0.1416,False,,India,win,
1022597,tests_male_json.zip,2016-08-09,Test,India,West Indies,"Darren Sammy National Cricket Stadium, Gros Islet",St Lucia,India in West Indies Test Series,2016,3,False,1,28,24,3,0,12,116.67,True,False,caught,KC Brathwaite,217,7,0.129,False,,India,win,
1041615,t20s_male_json.zip,2016-08-27,T20I,India,West Indies,Central Broward Regional Park Stadium Turf Ground,Lauderhill,West Indies v India T20I Series,2016,2,False,4,110,51,12,5,10,215.69,False,True,not out,,244,4,0.4508,True,246.0,West Indies,loss,
1030213,tests_male_json.zip,2016-09-22,Test,India,New Zealand,Green Park,Kanpur,New Zealand in India Test Series,2016/17,1,False,1,32,39,4,1,26,82.05,True,False,caught,BJ Watling,318,10,0.1006,False,,India,win,
1030213,tests_male_json.zip,2016-09-22,Test,India,New Zealand,Green Park,Kanpur,New Zealand in India Test Series,2016/17,3,False,1,38,50,8,0,36,76.0,True,False,caught,LRPL Taylor,377,5,0.1008,False,,India,win,
1034811,tests_male_json.zip,2016-11-17,Test,India,England,Dr. Y.S. Rajasekhara Reddy ACA-VDCA Cricket Stadium,Visakhapatnam,England in India Test Series,2016/17,1,False,2,0,5,0,0,5,0.0,True,False,caught,BA Stokes,455,10,0.0,False,,India,win,
1034811,tests_male_json.zip,2016-11-17,Test,India,England,Dr. Y.S. Rajasekhara Reddy ACA-VDCA Cricket Stadium,Visakhapatnam,England in India Test Series,2016/17,3,False,2,10,31,2,0,27,32.26,True,False,caught,JM Bairstow,204,10,0.049,False,,India,win,
1034815,tests_male_json.zip,2016-12-08,Test,India,England,Wankhede Stadium,Mumbai,England in India Test Series,2016/17,2,False,1,24,41,4,0,30,58.54,True,False,bowled,,631,10,0.038,False,,India,win,
1034817,tests_male_json.zip,2016-12-16,Test,India,England,"MA Chidambaram Stadium, Chepauk",Chennai,England in India Test Series,2016/17,2,False,1,199,311,16,3,197,63.99,True,False,caught,JC Buttler,759,7,0.2622,False,,India,win,
1034819,odis_male_json.zip,2017-01-15,ODI,India,England,Maharashtra Cricket Association Stadium,Pune,England in India ODI Series,2016/17,2,False,1,8,18,1,0,13,44.44,True,False,bowled,,356,7,0.0225,True,351.0,India,win,
1034821,odis_male_json.zip,2017-01-19,ODI,India,England,Barabati Stadium,Cuttack,England in India ODI Series,2016/17,1,False,1,5,5,1,0,3,100.0,True,False,caught,BA Stokes,381,6,0.0131,False,,India,win,
1034823,odis_male_json.zip,2017-01-22,ODI,India,England,Eden Gardens,Kolkata,England in India ODI Series,2016/17,2,False,2,11,11,1,1,8,100.0,True,False,caught,JC Buttler,316,9,0.0348,True,322.0,England,loss,
1034825,t20s_male_json.zip,2017-01-26,T20I,India,England,Green Park,Kanpur,England in India T20I Series,2016/17,1,False,2,8,9,1,0,5,88.89,True,False,caught,AU Rashid,147,7,0.0544,False,,England,loss,
1034827,t20s_male_json.zip,2017-01-29,T20I,India,England,"Vidarbha Cricket Association Stadium, Jamtha",Nagpur,England in India T20I Series,2016/17,1,False,2,71,47,6,2,11,151.06,True,False,caught,BA Stokes,144,8,0.4931,False,,India,win,
1034829,t20s_male_json.zip,2017-02-01,T20I,India,England,M Chinnaswamy Stadium,Bangalore,England in India T20I Series,2016/17,1,False,2,22,18,2,1,8,122.22,True,False,bowled,,202,6,0.1089,False,,India,win,
1041761,tests_male_json.zip,2017-02-09,Test,India,Bangladesh,"Rajiv Gandhi International Stadium, Uppal",Hyderabad,Unknown,2016/17,1,False,1,2,4,0,0,3,50.0,True,False,bowled,,687,6,0.0029,False,,India,win,
1041761,tests_male_json.zip,2017-02-09,Test,India,Bangladesh,"Rajiv Gandhi International Stadium, Uppal",Hyderabad,Unknown,2016/17,3,False,2,10,17,1,0,12,58.82,True,False,caught,Mushfiqur Rahim,159,4,0.0629,False,,India,win,
1062573,tests_male_json.zip,2017-02-23,Test,India,Australia,Maharashtra Cricket Association Stadium,Pune,Australia in India Test Series,2016/17,2,False,2,64,97,10,1,69,65.98,True,False,caught,DA Warner,105,10,0.6095,False,,Australia,loss,
1062573,tests_male_json.zip,2017-02-23,Test,India,Australia,Maharashtra Cricket Association Stadium,Pune,Australia in India Test Series,2016/17,4,False,2,10,9,1,0,3,111.11,True,False,lbw,,107,10,0.0935,False,,Australia,loss,
1062574,tests_male_json.zip,2017-03-04,Test,India,Australia,M Chinnaswamy Stadium,Bengaluru,Border-Gavaskar Trophy,2016/17,1,False,1,90,205,9,0,150,43.9,True,False,caught,MT Renshaw,189,10,0.4762,False,,India,win,
1062574,tests_male_json.zip,2017-03-04,Test,India,Australia,M Chinnaswamy Stadium,Bengaluru,Border-Gavaskar Trophy,2016/17,3,False,1,51,85,4,0,51,60.0,True,False,caught,SPD Smith,274,10,0.1861,False,,India,win,
1062575,tests_male_json.zip,2017-03-16,Test,India,Australia,JSCA International Stadium Complex,Ranchi,Border-Gavaskar Trophy,2016/17,2,False,1,67,102,9,0,67,65.69,True,False,caught,MS Wade,603,9,0.1111,False,,,no_result,
1062576,tests_male_json.zip,2017-03-25,Test,India,Australia,Himachal Pradesh Cricket Association Stadium,Dharamsala,Border-Gavaskar Trophy,2016/17,2,False,1,60,124,9,1,99,48.39,True,False,caught,DA Warner,332,10,0.1807,False,,India,win,
1062576,tests_male_json.zip,2017-03-25,Test,India,Australia,Himachal Pradesh Cricket Association Stadium,Dharamsala,Border-Gavaskar Trophy,2016/17,4,False,1,51,76,9,0,54,67.11,False,True,not out,,106,2,0.4811,False,,India,win,
1109603,tests_male_json.zip,2017-08-03,Test,India,Sri Lanka,Sinhalese Sports Club Ground,Colombo,India tour of Sri Lanka,2017,1,False,2,57,82,7,0,51,69.51,True,False,run out,,622,9,0.0916,False,,India,win,
1109604,tests_male_json.zip,2017-08-12,Test,India,Sri Lanka,Pallekele International Cricket Stadium,Unknown,India tour of Sri Lanka,2017,1,False,2,85,135,8,0,86,62.96,True,False,caught,FDM Karunaratne,487,10,0.1745,False,,India,win,
1109606,odis_male_json.zip,2017-08-24,ODI,India,Sri Lanka,Pallekele International Cricket Stadium,Unknown,India tour of Sri Lanka,2017,2,False,3,4,6,0,0,3,66.67,True,False,bowled,,231,7,0.0173,True,231.0,India,win,D/L
1109607,odis_male_json.zip,2017-08-27,ODI,India,Sri Lanka,Pallekele International Cricket Stadium,Unknown,India tour of Sri Lanka,2017,2,False,4,17,24,2,0,15,70.83,True,False,caught,HDRL Thirimanne,218,4,0.078,True,218.0,India,win,
1109608,odis_male_json.zip,2017-08-31,ODI,India,Sri Lanka,"R.Premadasa Stadium, Khettarama",Colombo,India tour of Sri Lanka,2017,1,False,5,7,8,0,0,2,87.5,True,False,caught,PWH de Silva,375,5,0.0187,False,,India,win,
1109610,t20s_male_json.zip,2017-09-06,T20I,India,Sri Lanka,"R.Premadasa Stadium, Khettarama",Colombo,India tour of Sri Lanka,2017,2,False,2,24,18,3,0,5,133.33,True,False,caught,MD Shanaka,174,3,0.1379,True,171.0,India,win,
1122723,tests_male_json.zip,2017-11-16,Test,India,Sri Lanka,Eden Gardens,Kolkata,Sri Lanka tour of India,2017/18,1,False,1,0,1,0,0,1,0.0,True,False,caught,N Dickwella,172,10,0.0,False,,,no_result,
1122723,tests_male_json.zip,2017-11-16,Test,India,Sri Lanka,Eden Gardens,Kolkata,Sri Lanka tour of India,2017/18,3,False,1,79,125,8,0,73,63.2,True,False,bowled,,352,8,0.2244,False,,,no_result,
1122724,tests_male_json.zip,2017-11-24,Test,India,Sri Lanka,"Vidarbha Cricket Association Stadium, Jamtha",Nagpur,Sri Lanka tour of India,2017/18,2,False,1,7,13,1,0,10,53.85,True,False,bowled,,610,6,0.0115,False,,India,win,
1122729,t20s_male_json.zip,2017-12-20,T20I,India,Sri Lanka,Barabati Stadium,Cuttack,Sri Lanka tour of India,2017/18,1,False,2,61,48,7,1,14,127.08,True,False,bowled,,180,3,0.3389,False,,India,win,
1122730,t20s_male_json.zip,2017-12-22,T20I,India,Sri Lanka,Holkar Cricket Stadium,Indore,Sri Lanka tour of India,2017/18,1,False,2,89,49,5,8,17,181.63,True,False,caught,N Dickwella,260,5,0.3423,False,,India,win,
1122731,t20s_male_json.zip,2017-12-24,T20I,India,Sri Lanka,Wankhede Stadium,Mumbai,Sri Lanka tour of India,2017/18,2,False,2,4,9,0,0,5,44.44,True,False,lbw,,139,5,0.0288,True,136.0,India,win,
1122277,tests_male_json.zip,2018-01-13,Test,India,South Africa,SuperSport Park,Centurion,India tour of South Africa,2017/18,2,False,2,10,21,2,0,18,47.62,True,False,caught and bowled,,307,10,0.0326,False,,South Africa,loss,
1122277,tests_male_json.zip,2018-01-13,Test,India,South Africa,SuperSport Park,Centurion,India tour of South Africa,2017/18,4,False,2,4,29,0,0,25,13.79,True,False,caught,KA Maharaj,151,10,0.0265,False,,South Africa,loss,
1122278,tests_male_json.zip,2018-01-24,Test,India,South Africa,The Wanderers Stadium,Johannesburg,India tour of South Africa,2017/18,1,False,2,0,7,0,0,7,0.0,True,False,caught,Q de Kock,187,10,0.0,False,,India,win,
1122278,tests_male_json.zip,2018-01-24,Test,India,South Africa,The Wanderers Stadium,Johannesburg,India tour of South Africa,2017/18,3,False,3,16,44,2,0,36,36.36,True,False,caught,F du Plessis,247,10,0.0648,False,,India,win,
1133820,t20s_male_json.zip,2018-03-12,T20I,India,Sri Lanka,"R.Premadasa Stadium, Khettarama",Colombo,Nidahas Trophy,2017/18,2,False,3,18,17,1,0,4,105.88,True,False,hit wicket,,153,4,0.1176,True,153.0,India,win,
1133823,t20s_male_json.zip,2018-03-18,T20I,India,Bangladesh,"R.Premadasa Stadium, Khettarama",Colombo,Nidahas Trophy,2017/18,2,False,4,24,14,2,1,2,171.43,True,False,caught,Sabbir Rahman,168,6,0.1429,True,167.0,India,win,
1136562,ipl_male_json.zip,2018-04-08,IPL,Kings XI Punjab,Delhi Daredevils,Punjab Cricket Association IS Bindra Stadium,Chandigarh,Indian Premier League,2018,2,False,1,51,16,6,4,4,318.75,True,False,caught,Mohammed Shami,167,4,0.3054,True,167.0,Kings XI Punjab,win,
1136568,ipl_male_json.zip,2018-04-13,IPL,Kings XI Punjab,Royal Challengers Bangalore,M.Chinnaswamy Stadium,Bengaluru,Indian Premier League,2018,1,False,1,47,30,2,4,11,156.67,True,False,caught,SN Khan,155,10,0.3032,False,,Royal Challengers Bangalore,loss,
1136572,ipl_male_json.zip,2018-04-15,IPL,Kings XI Punjab,Chennai Super Kings,Punjab Cricket Association IS Bindra Stadium,Chandigarh,Indian Premier League,2018,1,False,1,37,22,7,0,8,168.18,True,False,caught,DJ Bravo,197,7,0.1878,False,,Kings XI Punjab,win,
1136576,ipl_male_json.zip,2018-04-19,IPL,Kings XI Punjab,Sunrisers Hyderabad,Punjab Cricket Association IS Bindra Stadium,Chandigarh,Indian Premier League,2018,1,False,1,18,21,3,0,12,85.71,True,False,lbw,,193,3,0.0933,False,,Kings XI Punjab,win,
1136578,ipl_male_json.zip,2018-04-21,IPL,Kings XI Punjab,Kolkata Knight Riders,Eden Gardens,Kolkata,Indian Premier League,2018,2,False,1,60,27,9,2,4,222.22,True,False,caught,TK Curran,126,1,0.4762,True,125.0,Kings XI Punjab,win,D/L
1136582,ipl_male_json.zip,2018-04-23,IPL,Kings XI Punjab,Delhi Daredevils,Arun Jaitley Stadium,Delhi,Indian Premier League,2018,1,False,1,23,15,3,1,6,153.33,True,False,caught,Avesh Khan,143,8,0.1608,False,,Kings XI Punjab,win,
1136585,ipl_male_json.zip,2018-04-26,IPL,Kings XI Punjab,Sunrisers Hyderabad,Rajiv Gandhi International Stadium,Hyderabad,Indian Premier League,2018,2,False,1,32,26,4,1,11,123.08,True,False,bowled,,119,10,0.2689,True,133.0,Sunrisers Hyderabad,loss,
1136594,ipl_male_json.zip,2018-05-04,IPL,Kings XI Punjab,Mumbai Indians,Holkar Cricket Stadium,Indore,Indian Premier League,2018,1,False,1,24,20,1,2,9,120.0,True,False,caught,JP Duminy,174,6,0.1379,False,,Mumbai Indians,loss,
1136598,ipl_male_json.zip,2018-05-06,IPL,Kings XI Punjab,Rajasthan Royals,Holkar Cricket Stadium,Indore,Indian Premier League,2018,2,False,1,84,54,7,3,15,155.56,False,True,not out,,155,4,0.5419,True,153.0,Kings XI Punjab,win,
1136600,ipl_male_json.zip,2018-05-08,IPL,Kings XI Punjab,Rajasthan Royals,Sawai Mansingh Stadium,Jaipur,Indian Premier League,2018,2,False,1,95,70,11,2,25,135.71,False,True,not out,,143,7,0.6643,True,159.0,Rajasthan Royals,loss,
1136604,ipl_male_json.zip,2018-05-12,IPL,Kings XI Punjab,Kolkata Knight Riders,Holkar Cricket Stadium,Indore,Indian Premier League,2018,2,False,1,66,29,2,7,5,227.59,True,False,bowled,,214,8,0.3084,True,246.0,Kolkata Knight Riders,loss,
1136608,ipl_male_json.zip,2018-05-14,IPL,Kings XI Punjab,Royal Challengers Bangalore,Holkar Cricket Stadium,Indore,Indian Premier League,2018,1,False,1,21,15,0,3,10,140.0,True,False,caught,C de Grandhomme,88,10,0.2386,False,,Royal Challengers Bangalore,loss,
1136610,ipl_male_json.zip,2018-05-16,IPL,Kings XI Punjab,Mumbai Indians,Wankhede Stadium,Mumbai,Indian Premier League,2018,2,False,1,94,60,10,3,14,156.67,True,False,caught,BCJ Cutting,183,5,0.5137,True,187.0,Mumbai Indians,loss,
1136616,ipl_male_json.zip,2018-05-20,IPL,Kings XI Punjab,Chennai Super Kings,Maharashtra Cricket Association Stadium,Pune,Indian Premier League,2018,1,False,1,7,11,1,0,8,63.64,True,False,bowled,,153,10,0.0458,False,,Chennai Super Kings,loss,
1140993,t20s_male_json.zip,2018-06-29,T20I,India,Ireland,"The Village, Malahide",Dublin,India tour of Ireland and England,2018,1,False,1,70,36,3,6,5,194.44,True,False,caught and bowled,,213,4,0.3286,False,,India,win,
1119543,t20s_male_json.zip,2018-07-03,T20I,India,England,Old Trafford,Manchester,India tour of Ireland and England,2018,2,False,3,101,54,10,5,14,187.04,False,True,not out,,163,2,0.6196,True,160.0,India,win,
1119544,t20s_male_json.zip,2018-07-06,T20I,India,England,Sophia Gardens,Cardiff,India tour of Ireland and England,2018,1,False,3,6,8,0,0,4,75.0,True,False,bowled,,148,5,0.0405,False,,England,loss,
1119545,t20s_male_json.zip,2018-07-08,T20I,India,England,County Ground,Bristol,India tour of Ireland and England,2018,2,False,3,19,10,1,2,4,190.0,True,False,caught,CJ Jordan,201,3,0.0945,True,199.0,India,win,
1119546,odis_male_json.zip,2018-07-12,ODI,India,England,Trent Bridge,Nottingham,India tour of Ireland and England,2018,2,False,4,9,18,0,0,9,50.0,False,True,not out,,269,2,0.0335,True,269.0,India,win,
1119547,odis_male_json.zip,2018-07-14,ODI,India,England,Lord's,London,India tour of Ireland and England,2018,2,False,4,0,2,0,0,2,0.0,True,False,caught,JC Buttler,236,10,0.0,True,323.0,England,loss,
1119549,tests_male_json.zip,2018-08-01,Test,India,England,Edgbaston,Birmingham,India tour of Ireland and England,2018,2,False,3,4,2,1,0,1,200.0,True,False,bowled,,274,10,0.0146,False,,England,loss,
1119549,tests_male_json.zip,2018-08-01,Test,India,England,Edgbaston,Birmingham,India tour of Ireland and England,2018,4,False,3,13,24,2,0,17,54.17,True,False,caught,JM Bairstow,162,10,0.0802,False,,England,loss,
1119550,tests_male_json.zip,2018-08-09,Test,India,England,Lord's,London,India tour of Ireland and England,2018,1,False,2,8,14,2,0,12,57.14,True,False,caught,JM Bairstow,107,10,0.0748,False,,England,loss,
1119550,tests_male_json.zip,2018-08-09,Test,India,England,Lord's,London,India tour of Ireland and England,2018,3,False,2,10,16,2,0,12,62.5,True,False,lbw,,130,10,0.0769,False,,England,loss,
1119551,tests_male_json.zip,2018-08-18,Test,India,England,Trent Bridge,Nottingham,India tour of Ireland and England,2018,1,False,2,23,53,4,0,42,43.4,True,False,lbw,,329,10,0.0699,False,,India,win,
1119551,tests_male_json.zip,2018-08-18,Test,India,England,Trent Bridge,Nottingham,India tour of Ireland and England,2018,3,False,2,36,33,7,0,20,109.09,True,False,bowled,,352,7,0.1023,False,,India,win,
1119552,tests_male_json.zip,2018-08-30,Test,India,England,The Rose Bowl,Southampton,India tour of Ireland and England,2018,2,False,2,19,24,2,0,16,79.17,True,False,lbw,,273,10,0.0696,False,,England,loss,
1119552,tests_male_json.zip,2018-08-30,Test,India,England,The Rose Bowl,Southampton,India tour of Ireland and England,2018,4,False,2,0,7,0,0,7,0.0,True,False,bowled,,184,10,0.0,False,,England,loss,
1119553,tests_male_json.zip,2018-09-07,Test,India,England,Kennington Oval,London,India tour of Ireland and England,2018,2,False,1,37,53,4,0,31,69.81,True,False,bowled,,292,10,0.1267,False,,England,loss,
1119553,tests_male_json.zip,2018-09-07,Test,India,England,Kennington Oval,London,India tour of Ireland and England,2018,4,False,1,149,224,20,1,149,66.52,True,False,bowled,,345,10,0.4319,False,,England,loss,
1157752,tests_male_json.zip,2018-10-04,Test,India,West Indies,Saurashtra Cricket Association Stadium,Rajkot,West Indies tour of India,2018/19,1,False,2,0,4,0,0,4,0.0,True,False,lbw,,649,9,0.0,False,,India,win,
1157753,tests_male_json.zip,2018-10-12,Test,India,West Indies,"Rajiv Gandhi International Stadium, Uppal",Hyderabad,West Indies tour of India,2018/19,2,False,1,4,25,0,0,23,16.0,True,False,bowled,,367,10,0.0109,False,,India,win,
1157753,tests_male_json.zip,2018-10-12,Test,India,West Indies,"Rajiv Gandhi International Stadium, Uppal",Hyderabad,West Indies tour of India,2018/19,4,False,2,33,53,1,1,30,62.26,False,True,not out,,75,0,0.44,False,,India,win,
1157759,t20s_male_json.zip,2018-11-04,T20I,India,West Indies,Eden Gardens,Kolkata,West Indies tour of India,2018/19,2,False,3,16,22,2,0,13,72.73,True,False,caught,DM Bravo,110,5,0.1455,True,110.0,India,win,
1157760,t20s_male_json.zip,2018-11-06,T20I,India,West Indies,Bharat Ratna Shri Atal Bihari Vajpayee Ekana Cricket Stadium,Lucknow,West Indies tour of India,2018/19,1,False,4,26,14,2,1,2,185.71,False,True,not out,,195,2,0.1333,False,,India,win,
1157761,t20s_male_json.zip,2018-11-11,T20I,India,West Indies,"MA Chidambaram Stadium, Chepauk",Chennai,West Indies tour of India,2018/19,2,False,3,17,10,4,0,5,170.0,True,False,caught,D Ramdin,182,4,0.0934,True,182.0,India,win,
1144990,t20s_male_json.zip,2018-11-21,T20I,India,Australia,"Brisbane Cricket Ground, Woolloongabba",Brisbane,India tour of Australia,2018/19,2,False,3,13,12,1,0,4,108.33,True,False,stumped,AT Carey,169,7,0.0769,True,174.0,Australia,loss,D/L
1144992,t20s_male_json.zip,2018-11-25,T20I,India,Australia,Sydney Cricket Ground,Unknown,India tour of Australia,2018/19,2,False,4,14,20,0,1,11,70.0,True,False,caught,NM Coulter-Nile,168,4,0.0833,True,165.0,India,win,
1144993,tests_male_json.zip,2018-12-06,Test,India,Australia,Adelaide Oval,Unknown,India tour of Australia,2018/19,1,False,1,2,8,0,0,7,25.0,True,False,caught,AJ Finch,250,10,0.008,False,,India,win,
1144993,tests_male_json.zip,2018-12-06,Test,India,Australia,Adelaide Oval,Unknown,India tour of Australia,2018/19,3,False,1,44,67,3,1,47,65.67,True,False,caught,TD Paine,307,10,0.1433,False,,India,win,
1144994,tests_male_json.zip,2018-12-14,Test,India,Australia,Perth Stadium,Unknown,India tour of Australia,2018/19,2,False,1,2,17,0,0,15,11.76,True,False,bowled,,283,10,0.0071,False,,Australia,loss,
1144994,tests_male_json.zip,2018-12-14,Test,India,Australia,Perth Stadium,Unknown,India tour of Australia,2018/19,4,False,1,0,4,0,0,4,0.0,True,False,bowled,,140,10,0.0,False,,Australia,loss,
1144996,tests_male_json.zip,2019-01-03,Test,India,Australia,Sydney Cricket Ground,Sydney,India tour of Australia,2018/19,1,False,2,9,6,2,0,3,150.0,True,False,caught,SE Marsh,622,7,0.0145,False,,,no_result,
1168247,t20s_male_json.zip,2019-02-24,T20I,India,Australia,Dr. Y.S. Rajasekhara Reddy ACA-VDCA Cricket Stadium,Visakhapatnam,Australia tour of India,2018/19,1,False,2,50,36,6,1,10,138.89,True,False,caught,AJ Finch,126,7,0.3968,False,,Australia,loss,
1168248,t20s_male_json.zip,2019-02-27,T20I,India,Australia,M.Chinnaswamy Stadium,Bengaluru,Australia tour of India,2018/19,1,False,1,47,26,3,4,8,180.77,True,False,caught,JA Richardson,190,4,0.2474,False,,Australia,loss,
1168245,odis_male_json.zip,2019-03-10,ODI,India,Australia,"Punjab Cricket Association IS Bindra Stadium, Mohali",Chandigarh,Australia tour of India,2018/19,1,False,3,26,31,1,0,10,83.87,True,False,caught,AT Carey,358,9,0.0726,False,,Australia,loss,
1175359,ipl_male_json.zip,2019-03-25,IPL,Kings XI Punjab,Rajasthan Royals,Sawai Mansingh Stadium,Jaipur,Indian Premier League,2019,1,False,1,4,4,1,0,3,100.0,True,False,caught,JC Buttler,184,4,0.0217,False,,Kings XI Punjab,win,
1175361,ipl_male_json.zip,2019-03-27,IPL,Kings XI Punjab,Kolkata Knight Riders,Eden Gardens,Kolkata,Indian Premier League,2019,2,False,1,1,5,0,0,4,20.0,True,False,caught,Kuldeep Yadav,190,4,0.0053,True,219.0,Kolkata Knight Riders,loss,
1175364,ipl_male_json.zip,2019-03-30,IPL,Kings XI Punjab,Mumbai Indians,Punjab Cricket Association IS Bindra Stadium,Chandigarh,Indian Premier League,2019,2,False,1,71,57,6,1,16,124.56,False,True,not out,,177,2,0.4011,True,177.0,Kings XI Punjab,win,
1175368,ipl_male_json.zip,2019-04-01,IPL,Kings XI Punjab,Delhi Capitals,Punjab Cricket Association IS Bindra Stadium,Chandigarh,Indian Premier League,2019,1,False,1,15,11,2,1,7,136.36,True,False,lbw,,166,9,0.0904,False,,Kings XI Punjab,win,
1178393,ipl_male_json.zip,2019-04-06,IPL,Kings XI Punjab,Chennai Super Kings,MA Chidambaram Stadium,Chennai,Indian Premier League,2019,2,False,1,55,47,3,1,11,117.02,True,False,caught,RA Jadeja,138,5,0.3986,True,161.0,Chennai Super Kings,loss,
1178397,ipl_male_json.zip,2019-04-08,IPL,Kings XI Punjab,Sunrisers Hyderabad,Punjab Cricket Association IS Bindra Stadium,Chandigarh,Indian Premier League,2019,2,False,1,71,53,7,1,15,133.96,False,True,not out,,151,4,0.4702,True,151.0,Kings XI Punjab,win,
1178399,ipl_male_json.zip,2019-04-10,IPL,Kings XI Punjab,Mumbai Indians,Wankhede Stadium,Mumbai,Indian Premier League,2019,1,False,1,100,64,6,6,18,156.25,False,True,not out,,197,4,0.5076,False,,Mumbai Indians,loss,
1178403,ipl_male_json.zip,2019-04-13,IPL,Kings XI Punjab,Royal Challengers Bangalore,Punjab Cricket Association IS Bindra Stadium,Chandigarh,Indian Premier League,2019,1,False,1,18,15,2,1,8,120.0,True,False,stumped,PA Patel,173,4,0.104,False,,Royal Challengers Bangalore,loss,
1178407,ipl_male_json.zip,2019-04-16,IPL,Kings XI Punjab,Rajasthan Royals,Punjab Cricket Association IS Bindra Stadium,Chandigarh,Indian Premier League,2019,1,False,1,52,47,3,2,17,110.64,True,False,caught,JC Archer,182,6,0.2857,False,,Kings XI Punjab,win,
1178412,ipl_male_json.zip,2019-04-20,IPL,Kings XI Punjab,Delhi Capitals,Arun Jaitley Stadium,Delhi,Indian Premier League,2019,1,False,1,12,9,1,1,5,133.33,True,False,stumped,RR Pant,163,7,0.0736,False,,Delhi Capitals,loss,
1178417,ipl_male_json.zip,2019-04-24,IPL,Kings XI Punjab,Royal Challengers Bangalore,M.Chinnaswamy Stadium,Bengaluru,Indian Premier League,2019,2,False,1,42,27,7,1,12,155.56,True,False,caught,TG Southee,185,7,0.227,True,203.0,Royal Challengers Bangalore,loss,
1178423,ipl_male_json.zip,2019-04-29,IPL,Kings XI Punjab,Sunrisers Hyderabad,Rajiv Gandhi International Stadium,Hyderabad,Indian Premier League,2019,2,False,1,79,56,4,5,20,141.07,True,False,caught,KS Williamson,167,8,0.4731,True,213.0,Sunrisers Hyderabad,loss,
1178427,ipl_male_json.zip,2019-05-03,IPL,Kings XI Punjab,Kolkata Knight Riders,Punjab Cricket Association IS Bindra Stadium,Chandigarh,Indian Premier League,2019,1,False,2,2,7,0,0,5,28.57,True,False,caught,CA Lynn,183,6,0.0109,False,,Kolkata Knight Riders,loss,
1178430,ipl_male_json.zip,2019-05-05,IPL,Kings XI Punjab,Chennai Super Kings,Punjab Cricket Association IS Bindra Stadium,Chandigarh,Indian Premier League,2019,2,False,1,71,36,7,5,12,197.22,True,False,caught,Imran Tahir,173,4,0.4104,True,171.0,Kings XI Punjab,win,
1144490,odis_male_json.zip,2019-06-05,ODI,India,South Africa,The Rose Bowl,Southampton,World Cup,2019,2,False,4,26,42,2,0,25,61.9,True,False,caught,F du Plessis,230,4,0.113,True,228.0,India,win,
1144496,odis_male_json.zip,2019-06-09,ODI,India,Australia,Kennington Oval,London,World Cup,2019,1,False,6,11,3,1,1,0,366.67,False,True,not out,,352,5,0.0312,False,,India,win,
1144504,odis_male_json.zip,2019-06-16,ODI,India,Pakistan,Old Trafford,Manchester,World Cup,2019,1,False,1,57,78,3,2,43,73.08,True,False,caught,Babar Azam,336,5,0.1696,False,,India,win,D/L
1144516,odis_male_json.zip,2019-06-27,ODI,India,West Indies,Old Trafford,Manchester,World Cup,2019,1,False,1,48,64,6,0,41,75.0,True,False,bowled,,268,7,0.1791,False,,India,win,
1144520,odis_male_json.zip,2019-06-30,ODI,India,England,Edgbaston,Birmingham,World Cup,2019,2,False,1,0,9,0,0,9,0.0,True,False,caught and bowled,,306,5,0.0,True,338.0,England,loss,
1144522,odis_male_json.zip,2019-07-02,ODI,India,Bangladesh,Edgbaston,Birmingham,World Cup,2019,1,False,1,77,92,6,1,44,83.7,True,False,caught,Mushfiqur Rahim,314,9,0.2452,False,,India,win,
1144526,odis_male_json.zip,2019-07-06,ODI,India,Sri Lanka,Headingley,Leeds,World Cup,2019,2,False,1,111,118,11,1,52,94.07,True,False,caught,MDKJ Perera,265,3,0.4189,True,265.0,India,win,
1144528,odis_male_json.zip,2019-07-09,ODI,India,New Zealand,Old Trafford,Manchester,World Cup,2019,2,False,1,1,7,0,0,6,14.29,True,False,caught,TWM Latham,221,10,0.0045,True,240.0,New Zealand,loss,
1188623,t20s_male_json.zip,2019-08-06,T20I,India,West Indies,"Providence Stadium, Guyana",Providence,India tour of United States of America and West Indies,2019,2,False,1,20,18,2,1,11,111.11,True,False,caught,N Pooran,150,3,0.1333,True,147.0,India,win,
1188628,tests_male_json.zip,2019-08-22,Test,India,West Indies,"Sir Vivian Richards Stadium, Antigua",North Sound,India in West Indies Test Series,2019,1,False,1,44,97,5,0,76,45.36,True,False,caught,SD Hope,297,10,0.1481,False,,India,win,
1188628,tests_male_json.zip,2019-08-22,Test,India,West Indies,"Sir Vivian Richards Stadium, Antigua",North Sound,India in West Indies Test Series,2019,3,False,1,38,85,4,0,64,44.71,True,False,bowled,,343,7,0.1108,False,,India,win,
1188629,tests_male_json.zip,2019-08-30,Test,India,West Indies,"Sabina Park, Jamaica",Kingston,India in West Indies Test Series,2019,1,False,1,13,26,2,0,22,50.0,True,False,caught,RRS Cornwall,416,10,0.0312,False,,India,win,
1188629,tests_male_json.zip,2019-08-30,Test,India,West Indies,"Sabina Park, Jamaica",Kingston,India in West Indies Test Series,2019,3,False,1,6,63,1,0,60,9.52,True,False,caught,JN Hamilton,168,4,0.0357,False,,India,win,
1187013,t20s_male_json.zip,2019-11-03,T20I,India,Bangladesh,Arun Jaitley Stadium,Delhi,Bangladesh tour of India,2019/20,1,False,3,15,17,2,0,8,88.24,True,False,caught,Mahmudullah,148,6,0.1014,False,,Bangladesh,loss,
1187014,t20s_male_json.zip,2019-11-07,T20I,India,Bangladesh,Saurashtra Cricket Association Stadium,Rajkot,Bangladesh tour of India,2019/20,2,False,3,8,11,0,0,3,72.73,False,True,not out,,154,2,0.0519,True,154.0,India,win,
1187015,t20s_male_json.zip,2019-11-10,T20I,India,Bangladesh,"Vidarbha Cricket Association Stadium, Jamtha",Nagpur,Bangladesh tour of India,2019/20,1,False,3,52,35,7,0,8,148.57,True,False,caught,Liton Das,174,5,0.2989,False,,India,win,
1187018,t20s_male_json.zip,2019-12-06,T20I,India,West Indies,"Rajiv Gandhi International Stadium, Uppal",Hyderabad,West Indies tour of India,2019/20,2,False,2,62,40,5,4,13,155.0,True,False,caught,KA Pollard,209,4,0.2967,True,208.0,India,win,
1187019,t20s_male_json.zip,2019-12-08,T20I,India,West Indies,Greenfield International Stadium,Thiruvananthapuram,West Indies tour of India,2019/20,1,False,2,11,11,1,0,4,100.0,True,False,caught,SO Hetmyer,170,7,0.0647,False,,West Indies,loss,
1187020,t20s_male_json.zip,2019-12-11,T20I,India,West Indies,Wankhede Stadium,Mumbai,West Indies tour of India,2019/20,1,False,2,91,56,9,4,16,162.5,True,False,caught,N Pooran,240,3,0.3792,False,,India,win,
1187021,odis_male_json.zip,2019-12-15,ODI,India,West Indies,"MA Chidambaram Stadium, Chepauk",Chennai,West Indies tour of India,2019/20,1,False,2,6,15,1,0,12,40.0,True,False,caught,SO Hetmyer,287,8,0.0209,False,,West Indies,loss,
1187022,odis_male_json.zip,2019-12-18,ODI,India,West Indies,Dr. Y.S. Rajasekhara Reddy ACA-VDCA Cricket Stadium,Visakhapatnam,West Indies tour of India,2019/20,1,False,2,102,104,8,3,47,98.08,True,False,caught,RL Chase,387,5,0.2636,False,,India,win,
1187023,odis_male_json.zip,2019-12-22,ODI,India,West Indies,Barabati Stadium,Cuttack,West Indies tour of India,2019/20,2,False,2,77,89,8,1,44,86.52,True,False,caught,SD Hope,316,6,0.2437,True,316.0,India,win,
1202243,t20s_male_json.zip,2020-01-07,T20I,India,Sri Lanka,Holkar Cricket Stadium,Indore,Sri Lanka tour of India,2019/20,2,False,1,45,32,6,0,9,140.62,True,False,bowled,,144,3,0.3125,True,143.0,India,win,
1202244,t20s_male_json.zip,2020-01-10,T20I,India,Sri Lanka,Maharashtra Cricket Association Stadium,Pune,Sri Lanka tour of India,2019/20,1,False,1,54,36,5,1,5,150.0,True,False,stumped,MDKJ Perera,201,6,0.2687,False,,India,win,
1187027,odis_male_json.zip,2020-01-14,ODI,India,Australia,Wankhede Stadium,Mumbai,Australia tour of India,2019/20,1,False,3,47,61,4,0,28,77.05,True,False,caught,SPD Smith,255,10,0.1843,False,,Australia,loss,
1187028,odis_male_json.zip,2020-01-17,ODI,India,Australia,Saurashtra Cricket Association Stadium,Rajkot,Australia tour of India,2019/20,1,False,5,80,52,6,3,9,153.85,True,False,run out,,340,6,0.2353,False,,India,win,
1187029,odis_male_json.zip,2020-01-19,ODI,India,Australia,M.Chinnaswamy Stadium,Bengaluru,Australia tour of India,2019/20,2,False,2,19,27,2,0,14,70.37,True,False,lbw,,289,3,0.0657,True,287.0,India,win,
1187677,t20s_male_json.zip,2020-01-24,T20I,India,New Zealand,Eden Park,Auckland,India tour of New Zealand,2019/20,2,False,2,56,27,4,3,3,207.41,True,False,caught,TG Southee,204,4,0.2745,True,204.0,India,win,
1187678,t20s_male_json.zip,2020-01-26,T20I,India,New Zealand,Eden Park,Auckland,India tour of New Zealand,2019/20,2,False,2,57,50,3,2,18,114.0,False,True,not out,,135,3,0.4222,True,133.0,India,win,
1187679,t20s_male_json.zip,2020-01-29,T20I,India,New Zealand,Seddon Park,Hamilton,India tour of New Zealand,2019/20,1,False,2,27,19,2,1,3,142.11,True,False,caught,C Munro,179,5,0.1508,False,,,tie,
1187679,t20s_male_json.zip,2020-01-29,T20I,India,New Zealand,Seddon Park,Hamilton,India tour of New Zealand,2019/20,4,True,2,5,2,1,0,0,250.0,False,True,not out,,20,0,0.25,False,,,tie,
1187680,t20s_male_json.zip,2020-01-31,T20I,India,New Zealand,Westpac Stadium,Wellington,India tour of New Zealand,2019/20,1,False,1,39,26,3,2,9,150.0,True,False,caught,MJ Santner,165,8,0.2364,False,,,tie,
1187680,t20s_male_json.zip,2020-01-31,T20I,India,New Zealand,Westpac Stadium,Wellington,India tour of New Zealand,2019/20,4,True,1,10,3,1,1,1,333.33,True,False,caught,SC Kuggeleijn,16,1,0.625,False,,,tie,
1187681,t20s_male_json.zip,2020-02-02,T20I,India,New Zealand,Bay Oval,Mount Maunganui,India tour of New Zealand,2019/20,1,False,1,45,33,4,2,11,136.36,True,False,caught,MJ Santner,163,3,0.2761,False,,India,win,
1187682,odis_male_json.zip,2020-02-05,ODI,India,New Zealand,Seddon Park,Hamilton,India tour of New Zealand,2019/20,1,False,5,88,64,3,6,19,137.5,False,True,not out,,347,4,0.2536,False,,New Zealand,loss,
1187683,odis_male_json.zip,2020-02-08,ODI,India,New Zealand,Eden Park,Auckland,India tour of New Zealand,2019/20,2,False,5,4,8,0,0,5,50.0,True,False,bowled,,251,10,0.0159,True,274.0,New Zealand,loss,
1187684,odis_male_json.zip,2020-02-11,ODI,India,New Zealand,Bay Oval,Mount Maunganui,India tour of New Zealand,2019/20,1,False,5,112,113,9,2,46,99.12,True,False,caught,KA Jamieson,296,7,0.3784,False,,New Zealand,loss,
1216493,ipl_male_json.zip,2020-09-20,IPL,Kings XI Punjab,Delhi Capitals,Dubai International Cricket Stadium,Unknown,Indian Premier League,2020/21,2,False,1,21,19,2,1,10,110.53,True,False,bowled,,157,8,0.1338,True,158.0,,tie,
1216493,ipl_male_json.zip,2020-09-20,IPL,Kings XI Punjab,Delhi Capitals,Dubai International Cricket Stadium,Unknown,Indian Premier League,2020/21,3,True,1,2,2,0,0,1,100.0,True,False,caught,AR Patel,2,2,1.0,False,,,tie,
1216510,ipl_male_json.zip,2020-09-24,IPL,Kings XI Punjab,Royal Challengers Bangalore,Dubai International Cricket Stadium,Unknown,Indian Premier League,2020/21,1,False,1,132,69,14,7,18,191.3,False,True,not out,,206,3,0.6408,False,,Kings XI Punjab,win,
1216527,ipl_male_json.zip,2020-09-27,IPL,Kings XI Punjab,Rajasthan Royals,Sharjah Cricket Stadium,Unknown,Indian Premier League,2020/21,1,False,1,69,54,7,1,13,127.78,True,False,caught,S Gopal,223,2,0.3094,False,,Rajasthan Royals,loss,
1216503,ipl_male_json.zip,2020-10-01,IPL,Kings XI Punjab,Mumbai Indians,Sheikh Zayed Stadium,Abu Dhabi,Indian Premier League,2020/21,2,False,1,17,19,1,0,6,89.47,True,False,bowled,,143,8,0.1189,True,192.0,Mumbai Indians,loss,
1216513,ipl_male_json.zip,2020-10-04,IPL,Kings XI Punjab,Chennai Super Kings,Dubai International Cricket Stadium,Unknown,Indian Premier League,2020/21,1,False,1,63,52,7,1,19,121.15,True,False,caught,MS Dhoni,178,4,0.3539,False,,Chennai Super Kings,loss,
1216542,ipl_male_json.zip,2020-10-08,IPL,Kings XI Punjab,Sunrisers Hyderabad,Dubai International Cricket Stadium,Unknown,Indian Premier League,2020/21,2,False,1,11,16,0,0,8,68.75,True,False,caught,KS Williamson,132,10,0.0833,True,202.0,Sunrisers Hyderabad,loss,
1216523,ipl_male_json.zip,2020-10-10,IPL,Kings XI Punjab,Kolkata Knight Riders,Sheikh Zayed Stadium,Abu Dhabi,Indian Premier League,2020/21,2,False,1,74,58,6,0,14,127.59,True,False,bowled,,162,5,0.4568,True,165.0,Kolkata Knight Riders,loss,
1216531,ipl_male_json.zip,2020-10-15,IPL,Kings XI Punjab,Royal Challengers Bangalore,Sharjah Cricket Stadium,Unknown,Indian Premier League,2020/21,2,False,1,61,49,1,5,17,124.49,False,True,not out,,177,2,0.3446,True,172.0,Kings XI Punjab,win,
1216517,ipl_male_json.zip,2020-10-18,IPL,Kings XI Punjab,Mumbai Indians,Dubai International Cricket Stadium,Unknown,Indian Premier League,2020/21,2,False,1,77,51,7,3,16,150.98,True,False,bowled,,176,6,0.4375,True,177.0,,tie,
1216517,ipl_male_json.zip,2020-10-18,IPL,Kings XI Punjab,Mumbai Indians,Dubai International Cricket Stadium,Unknown,Indian Premier League,2020/21,3,True,1,4,4,0,0,1,100.0,True,False,lbw,,5,2,0.8,False,,,tie,
1216546,ipl_male_json.zip,2020-10-20,IPL,Kings XI Punjab,Delhi Capitals,Dubai International Cricket Stadium,Unknown,Indian Premier League,2020/21,2,False,1,15,11,1,1,5,136.36,True,False,caught,DR Sams,167,5,0.0898,True,165.0,Kings XI Punjab,win,
1216498,ipl_male_json.zip,2020-10-24,IPL,Kings XI Punjab,Sunrisers Hyderabad,Dubai International Cricket Stadium,Unknown,Indian Premier League,2020/21,1,False,1,27,27,2,1,11,100.0,True,False,bowled,,126,7,0.2143,False,,Kings XI Punjab,win,
1216520,ipl_male_json.zip,2020-10-26,IPL,Kings XI Punjab,Kolkata Knight Riders,Sharjah Cricket Stadium,Unknown,Indian Premier League,2020/21,2,False,1,28,25,4,0,11,112.0,True,False,lbw,,150,2,0.1867,True,150.0,Kings XI Punjab,win,
1216537,ipl_male_json.zip,2020-10-30,IPL,Kings XI Punjab,Rajasthan Royals,Sheikh Zayed Stadium,Abu Dhabi,Indian Premier League,2020/21,1,False,1,46,41,3,2,16,112.2,True,False,caught,R Tewatia,185,4,0.2486,False,,Rajasthan Royals,loss,
1216506,ipl_male_json.zip,2020-11-01,IPL,Kings XI Punjab,Chennai Super Kings,Sheikh Zayed Stadium,Abu Dhabi,Indian Premier League,2020/21,1,False,1,29,27,3,1,12,107.41,True,False,bowled,,153,6,0.1895,False,,Chennai Super Kings,loss,
1223955,odis_male_json.zip,2020-11-27,ODI,India,Australia,Sydney Cricket Ground,Unknown,India tour of Australia,2020/21,2,False,5,12,15,1,0,8,80.0,True,False,caught,SPD Smith,308,8,0.039,True,375.0,Australia,loss,
1223956,odis_male_json.zip,2020-11-29,ODI,India,Australia,Sydney Cricket Ground,Unknown,India tour of Australia,2020/21,2,False,5,76,66,4,5,30,115.15,True,False,caught,JR Hazlewood,338,9,0.2249,True,390.0,Australia,loss,
1223957,odis_male_json.zip,2020-12-02,ODI,India,Australia,Manuka Oval,Canberra,India tour of Australia,2020/21,1,False,5,5,11,0,0,7,45.45,True,False,lbw,,302,5,0.0166,False,,India,win,
1223952,t20s_male_json.zip,2020-12-04,T20I,India,Australia,Manuka Oval,Canberra,India tour of Australia,2020/21,1,False,1,51,40,5,1,14,127.5,True,False,caught,SA Abbott,161,7,0.3168,False,,India,win,
1223953,t20s_male_json.zip,2020-12-06,T20I,India,Australia,Sydney Cricket Ground,Sydney,India tour of Australia,2020/21,2,False,1,30,22,2,1,8,136.36,True,False,caught,MJ Swepson,195,4,0.1538,True,195.0,India,win,
1223954,t20s_male_json.zip,2020-12-08,T20I,India,Australia,Sydney Cricket Ground,Sydney,India tour of Australia,2020/21,2,False,1,0,2,0,0,2,0.0,True,False,caught,SPD Smith,174,7,0.0,True,187.0,Australia,loss,
1243388,t20s_male_json.zip,2021-03-12,T20I,India,England,Narendra Modi Stadium,Ahmedabad,India v England,2020/21,1,False,2,1,4,0,0,3,25.0,True,False,bowled,,124,7,0.0081,False,,England,loss,
1243389,t20s_male_json.zip,2021-03-14,T20I,India,England,Narendra Modi Stadium,Ahmedabad,England tour of India,2020/21,2,False,1,0,6,0,0,6,0.0,True,False,caught,JC Buttler,166,3,0.0,True,165.0,India,win,
1243390,t20s_male_json.zip,2021-03-16,T20I,India,England,Narendra Modi Stadium,Ahmedabad,England tour of India,2020/21,1,False,2,0,4,0,0,4,0.0,True,False,bowled,,156,6,0.0,False,,England,loss,
1243391,t20s_male_json.zip,2021-03-18,T20I,India,England,Narendra Modi Stadium,Ahmedabad,England tour of India,2020/21,1,False,2,14,17,2,0,9,82.35,True,False,caught,JC Archer,185,8,0.0757,False,,India,win,
1243393,odis_male_json.zip,2021-03-23,ODI,India,England,Maharashtra Cricket Association Stadium,Pune,England tour of India,2020/21,1,False,5,62,43,4,4,16,144.19,False,True,not out,,317,5,0.1956,False,,India,win,
1243394,odis_male_json.zip,2021-03-26,ODI,India,England,Maharashtra Cricket Association Stadium,Pune,England tour of India,2020/21,1,False,4,108,114,7,2,40,94.74,True,False,caught,RJW Topley,336,6,0.3214,False,,England,loss,
1243395,odis_male_json.zip,2021-03-28,ODI,India,England,Maharashtra Cricket Association Stadium,Pune,England tour of India,2020/21,1,False,5,7,18,0,0,11,38.89,True,False,caught,MM Ali,329,10,0.0213,False,,India,win,
1254061,ipl_male_json.zip,2021-04-12,IPL,Punjab Kings,Rajasthan Royals,"Wankhede Stadium, Mumbai",Mumbai,Indian Premier League,2021,1,False,1,91,50,7,5,10,182.0,True,False,caught,R Tewatia,221,6,0.4118,False,,Punjab Kings,win,
1254065,ipl_male_json.zip,2021-04-16,IPL,Punjab Kings,Chennai Super Kings,"Wankhede Stadium, Mumbai",Mumbai,Indian Premier League,2021,1,False,1,5,7,1,0,5,71.43,True,False,run out,,106,8,0.0472,False,,Chennai Super Kings,loss,
1254068,ipl_male_json.zip,2021-04-18,IPL,Punjab Kings,Delhi Capitals,"Wankhede Stadium, Mumbai",Mumbai,Indian Premier League,2021,1,False,1,61,51,7,2,22,119.61,True,False,caught,MP Stoinis,195,4,0.3128,False,,Delhi Capitals,loss,
1254071,ipl_male_json.zip,2021-04-21,IPL,Punjab Kings,Sunrisers Hyderabad,"MA Chidambaram Stadium, Chepauk, Chennai",Chennai,Indian Premier League,2021,1,False,1,4,6,0,0,2,66.67,True,False,caught,KM Jadhav,120,10,0.0333,False,,Sunrisers Hyderabad,loss,
1254074,ipl_male_json.zip,2021-04-23,IPL,Punjab Kings,Mumbai Indians,"MA Chidambaram Stadium, Chepauk, Chennai",Chennai,Indian Premier League,2021,2,False,1,60,52,3,3,19,115.38,False,True,not out,,132,1,0.4545,True,132.0,Punjab Kings,win,
1254078,ipl_male_json.zip,2021-04-26,IPL,Punjab Kings,Kolkata Knight Riders,"Narendra Modi Stadium, Ahmedabad",Ahmedabad,Indian Premier League,2021,1,False,1,19,20,2,1,12,95.0,True,False,caught,SP Narine,123,9,0.1545,False,,Kolkata Knight Riders,loss,
1254083,ipl_male_json.zip,2021-04-30,IPL,Punjab Kings,Royal Challengers Bangalore,"Narendra Modi Stadium, Ahmedabad",Ahmedabad,Indian Premier League,2021,1,False,1,91,57,7,5,15,159.65,False,True,not out,,179,5,0.5084,False,,Punjab Kings,win,
1239543,tests_male_json.zip,2021-08-04,Test,India,England,"Trent Bridge, Nottingham",Nottingham,India tour of England,2021,2,False,2,84,214,12,0,173,39.25,True,False,caught,JC Buttler,278,10,0.3022,False,,,no_result,
1239543,tests_male_json.zip,2021-08-04,Test,India,England,"Trent Bridge, Nottingham",Nottingham,India tour of England,2021,4,False,1,26,38,6,0,30,68.42,True,False,caught,JC Buttler,52,1,0.5,False,,,no_result,
1239544,tests_male_json.zip,2021-08-12,Test,India,England,"Lord's, London",London,India tour of England,2021,1,False,2,129,250,12,1,176,51.6,True,False,caught,DP Sibley,364,10,0.3544,False,,India,win,
1239544,tests_male_json.zip,2021-08-12,Test,India,England,"Lord's, London",London,India tour of England,2021,3,False,1,5,30,0,0,26,16.67,True,False,caught,JC Buttler,298,8,0.0168,False,,India,win,
1239545,tests_male_json.zip,2021-08-25,Test,India,England,"Headingley, Leeds",Leeds,India tour of England,2021,1,False,2,0,4,0,0,4,0.0,True,False,caught,JC Buttler,78,10,0.0,False,,England,loss,
1239545,tests_male_json.zip,2021-08-25,Test,India,England,"Headingley, Leeds",Leeds,India tour of England,2021,3,False,2,8,54,0,0,47,14.81,True,False,caught,JM Bairstow,278,10,0.0288,False,,England,loss,
1239546,tests_male_json.zip,2021-09-02,Test,India,England,"Kennington Oval, London",London,India tour of England,2021,1,False,2,17,44,3,0,37,38.64,True,False,lbw,,191,10,0.089,False,,India,win,
1239546,tests_male_json.zip,2021-09-02,Test,India,England,"Kennington Oval, London",London,India tour of England,2021,3,False,2,46,101,6,1,81,45.54,True,False,caught,JM Bairstow,466,10,0.0987,False,,India,win,
1254111,ipl_male_json.zip,2021-09-21,IPL,Punjab Kings,Rajasthan Royals,Dubai International Cricket Stadium,Dubai,Indian Premier League,2021,2,False,1,49,33,4,2,7,148.48,True,False,caught,Kartik Tyagi,183,4,0.2678,True,186.0,Rajasthan Royals,loss,
1254107,ipl_male_json.zip,2021-09-25,IPL,Punjab Kings,Sunrisers Hyderabad,Sharjah Cricket Stadium,Sharjah,Indian Premier League,2021,1,False,1,21,21,3,0,11,100.0,True,False,caught,J Suchith,125,7,0.168,False,,Punjab Kings,win,
1254099,ipl_male_json.zip,2021-09-28,IPL,Punjab Kings,Mumbai Indians,"Zayed Cricket Stadium, Abu Dhabi",Abu Dhabi,Indian Premier League,2021,1,False,1,21,22,2,0,8,95.45,True,False,caught,JJ Bumrah,135,6,0.1556,False,,Mumbai Indians,loss,
1254102,ipl_male_json.zip,2021-10-01,IPL,Punjab Kings,Kolkata Knight Riders,Dubai International Cricket Stadium,Dubai,Indian Premier League,2021,2,False,1,67,55,4,2,13,121.82,True,False,caught,Shivam Mavi,168,5,0.3988,True,166.0,Punjab Kings,win,
1254090,ipl_male_json.zip,2021-10-03,IPL,Punjab Kings,Royal Challengers Bangalore,Sharjah Cricket Stadium,Sharjah,Indian Premier League,2021,2,False,1,39,35,1,2,11,111.43,True,False,caught,HV Patel,158,6,0.2468,True,165.0,Royal Challengers Bangalore,loss,
1254094,ipl_male_json.zip,2021-10-07,IPL,Punjab Kings,Chennai Super Kings,Dubai International Cricket Stadium,Dubai,Indian Premier League,2021,2,False,1,98,42,7,8,9,233.33,False,True,not out,,139,4,0.705,True,135.0,Punjab Kings,win,
1273727,t20s_male_json.zip,2021-10-24,T20I,India,Pakistan,Dubai International Cricket Stadium,Dubai,ICC Men's T20 World Cup,2021/22,1,False,1,3,8,0,0,5,37.5,True,False,bowled,,151,7,0.0199,False,,Pakistan,loss,
1273739,t20s_male_json.zip,2021-10-31,T20I,India,New Zealand,Dubai International Cricket Stadium,Dubai,ICC Men's T20 World Cup,2021/22,1,False,1,18,16,3,0,7,112.5,True,False,caught,DJ Mitchell,110,7,0.1636,False,,New Zealand,loss,
1273748,t20s_male_json.zip,2021-11-05,T20I,India,Scotland,Dubai International Cricket Stadium,Dubai,ICC Men's T20 World Cup,2021/22,2,False,1,50,19,6,3,3,263.16,True,False,caught,CS MacLeod,89,2,0.5618,True,86.0,India,win,
1273753,t20s_male_json.zip,2021-11-08,T20I,India,Namibia,Dubai International Cricket Stadium,Dubai,ICC Men's T20 World Cup,2021/22,2,False,1,54,36,4,2,7,150.0,False,True,not out,,136,1,0.3971,True,133.0,India,win,
1278671,t20s_male_json.zip,2021-11-17,T20I,India,New Zealand,"Sawai Mansingh Stadium, Jaipur",Jaipur,New Zealand tour of India,2021/22,2,False,1,15,14,1,1,8,107.14,True,False,caught,MS Chapman,166,5,0.0904,True,165.0,India,win,
1278672,t20s_male_json.zip,2021-11-19,T20I,India,New Zealand,"JSCA International Stadium Complex, Ranchi",Ranchi,New Zealand tour of India,2021/22,2,False,1,65,49,6,2,15,132.65,True,False,caught,GD Phillips,155,3,0.4194,True,154.0,India,win,
1277079,tests_male_json.zip,2021-12-26,Test,India,South Africa,"SuperSport Park, Centurion",Centurion,India tour of South Africa,2021/22,1,False,1,123,260,17,1,197,47.31,True,False,caught,Q de Kock,327,10,0.3761,False,,India,win,
1277079,tests_male_json.zip,2021-12-26,Test,India,South Africa,"SuperSport Park, Centurion",Centurion,India tour of South Africa,2021/22,3,False,1,23,74,4,0,66,31.08,True,False,caught,D Elgar,174,10,0.1322,False,,India,win,
1277080,tests_male_json.zip,2022-01-03,Test,India,South Africa,"The Wanderers Stadium, Johannesburg",Johannesburg,India tour of South Africa,2021/22,1,False,1,50,133,9,0,112,37.59,True,False,caught,K Rabada,202,10,0.2475,False,,South Africa,loss,
1277080,tests_male_json.zip,2022-01-03,Test,India,South Africa,"The Wanderers Stadium, Johannesburg",Johannesburg,India tour of South Africa,2021/22,3,False,1,8,21,1,0,17,38.1,True,False,caught,AK Markram,266,10,0.0301,False,,South Africa,loss,
1277081,tests_male_json.zip,2022-01-11,Test,India,South Africa,"Newlands, Cape Town",Cape Town,India tour of South Africa,2021/22,1,False,1,12,35,1,0,28,34.29,True,False,caught,K Verreynne,223,10,0.0538,False,,South Africa,loss,
1277081,tests_male_json.zip,2022-01-11,Test,India,South Africa,"Newlands, Cape Town",Cape Town,India tour of South Africa,2021/22,3,False,1,10,22,2,0,19,45.45,True,False,caught,AK Markram,198,10,0.0505,False,,South Africa,loss,
1277082,odis_male_json.zip,2022-01-19,ODI,India,South Africa,"Boland Park, Paarl",Paarl,India tour of South Africa,2021/22,2,False,1,12,17,0,0,8,70.59,True,False,caught,Q de Kock,265,8,0.0453,True,297.0,South Africa,loss,
1277083,odis_male_json.zip,2022-01-21,ODI,India,South Africa,"Boland Park, Paarl",Paarl,India tour of South Africa,2021/22,1,False,1,55,79,4,0,37,69.62,True,False,caught,HE van der Dussen,287,6,0.1916,False,,South Africa,loss,
1277084,odis_male_json.zip,2022-01-23,ODI,India,South Africa,"Newlands, Cape Town",Cape Town,India tour of South Africa,2021/22,2,False,1,9,10,2,0,7,90.0,True,False,caught,JN Malan,283,10,0.0318,True,288.0,South Africa,loss,
1278677,odis_male_json.zip,2022-02-09,ODI,India,West Indies,"Narendra Modi Stadium, Ahmedabad",Ahmedabad,West Indies tour of India,2021/22,1,False,4,49,48,4,2,23,102.08,True,False,run out,SD Hope,237,9,0.2068,False,,India,win,
1304050,ipl_male_json.zip,2022-03-28,IPL,Lucknow Super Giants,Gujarat Titans,"Wankhede Stadium, Mumbai",Mumbai,Indian Premier League,2022,1,False,1,0,1,0,0,1,0.0,True,False,caught,MS Wade,158,6,0.0,False,,Gujarat Titans,loss,
1304053,ipl_male_json.zip,2022-03-31,IPL,Lucknow Super Giants,Chennai Super Kings,"Brabourne Stadium, Mumbai",Mumbai,Indian Premier League,2022,2,False,1,40,26,2,3,9,153.85,True,False,caught,AT Rayudu,211,4,0.1896,True,211.0,Lucknow Super Giants,win,
1304058,ipl_male_json.zip,2022-04-04,IPL,Lucknow Super Giants,Sunrisers Hyderabad,"Dr DY Patil Sports Academy, Mumbai",Mumbai,Indian Premier League,2022,1,False,1,68,50,6,1,12,136.0,True,False,lbw,,169,7,0.4024,False,,Lucknow Super Giants,win,
1304061,ipl_male_json.zip,2022-04-07,IPL,Lucknow Super Giants,Delhi Capitals,"Dr DY Patil Sports Academy, Mumbai",Mumbai,Indian Premier League,2022,2,False,1,24,25,1,1,10,96.0,True,False,caught,PP Shaw,155,4,0.1548,True,150.0,Lucknow Super Giants,win,
1304066,ipl_male_json.zip,2022-04-10,IPL,Lucknow Super Giants,Rajasthan Royals,"Wankhede Stadium, Mumbai",Mumbai,Indian Premier League,2022,2,False,1,0,1,0,0,1,0.0,True,False,bowled,,162,8,0.0,True,166.0,Rajasthan Royals,loss,
1304072,ipl_male_json.zip,2022-04-16,IPL,Lucknow Super Giants,Mumbai Indians,"Brabourne Stadium, Mumbai",Mumbai,Indian Premier League,2022,1,False,1,103,60,9,5,14,171.67,False,True,not out,,199,4,0.5176,False,,Lucknow Super Giants,win,
1304077,ipl_male_json.zip,2022-04-19,IPL,Lucknow Super Giants,Royal Challengers Bangalore,"Dr DY Patil Sports Academy, Mumbai",Mumbai,Indian Premier League,2022,2,False,2,30,24,3,1,9,125.0,True,False,caught,KD Karthik,163,8,0.184,True,182.0,Royal Challengers Bangalore,loss,
1304083,ipl_male_json.zip,2022-04-24,IPL,Lucknow Super Giants,Mumbai Indians,"Wankhede Stadium, Mumbai",Mumbai,Indian Premier League,2022,1,False,2,103,62,12,4,19,166.13,False,True,not out,,168,6,0.6131,False,,Lucknow Super Giants,win,
1304088,ipl_male_json.zip,2022-04-29,IPL,Lucknow Super Giants,Punjab Kings,"Maharashtra Cricket Association Stadium, Pune",Pune,Indian Premier League,2022,1,False,2,6,11,1,0,8,54.55,True,False,caught,JM Sharma,153,8,0.0392,False,,Lucknow Super Giants,win,
1304091,ipl_male_json.zip,2022-05-01,IPL,Lucknow Super Giants,Delhi Capitals,"Wankhede Stadium, Mumbai",Mumbai,Indian Premier League,2022,1,False,2,77,51,4,5,11,150.98,True,False,caught,Lalit Yadav,195,3,0.3949,False,,Lucknow Super Giants,win,
1304099,ipl_male_json.zip,2022-05-07,IPL,Lucknow Super Giants,Kolkata Knight Riders,"Maharashtra Cricket Association Stadium, Pune",Pune,Indian Premier League,2022,1,False,2,0,0,0,0,0,0.0,True,False,run out,SS Iyer,176,7,0.0,False,,Lucknow Super Giants,win,
1304103,ipl_male_json.zip,2022-05-10,IPL,Lucknow Super Giants,Gujarat Titans,"Maharashtra Cricket Association Stadium, Pune",Pune,Indian Premier League,2022,2,False,2,8,16,1,0,11,50.0,True,False,caught,WP Saha,82,10,0.0976,True,145.0,Gujarat Titans,loss,
1304109,ipl_male_json.zip,2022-05-15,IPL,Lucknow Super Giants,Rajasthan Royals,"Brabourne Stadium, Mumbai",Mumbai,Indian Premier League,2022,2,False,2,10,19,0,1,14,52.63,True,False,caught,YBK Jaiswal,154,8,0.0649,True,179.0,Rajasthan Royals,loss,
1304112,ipl_male_json.zip,2022-05-18,IPL,Lucknow Super Giants,Kolkata Knight Riders,"Dr DY Patil Sports Academy, Mumbai",Navi Mumbai,Indian Premier League,2022,1,False,2,68,51,3,4,15,133.33,False,True,not out,,210,0,0.3238,False,,Lucknow Super Giants,win,
1312198,ipl_male_json.zip,2022-05-25,IPL,Lucknow Super Giants,Royal Challengers Bangalore,"Eden Gardens, Kolkata",Kolkata,Indian Premier League,2022,2,False,2,79,58,3,5,17,136.21,True,False,caught,Shahbaz Ahmed,193,6,0.4093,True,208.0,Royal Challengers Bangalore,loss,
1325550,odis_male_json.zip,2022-08-20,ODI,India,Zimbabwe,Harare Sports Club,Harare,India tour of Zimbabwe,2022,2,False,2,1,5,0,0,4,20.0,True,False,lbw,,167,5,0.006,True,162.0,India,win,
1325551,odis_male_json.zip,2022-08-22,ODI,India,Zimbabwe,Harare Sports Club,Harare,India tour of Zimbabwe,2022,1,False,2,30,46,1,1,28,65.22,True,False,bowled,,289,8,0.1038,False,,India,win,
1327270,t20s_male_json.zip,2022-08-28,T20I,India,Pakistan,Dubai International Cricket Stadium,Dubai,Asia Cup,2022,2,False,2,0,1,0,0,1,0.0,True,False,bowled,,148,5,0.0,True,148.0,India,win,
1327272,t20s_male_json.zip,2022-08-31,T20I,India,Hong Kong,Dubai International Cricket Stadium,Dubai,Asia Cup,2022,1,False,1,36,39,0,2,16,92.31,True,False,caught,SS McKechnie,192,2,0.1875,False,,India,win,
1327276,t20s_male_json.zip,2022-09-04,T20I,India,Pakistan,Dubai International Cricket Stadium,Dubai,Asia Cup,2022,1,False,1,28,20,1,2,7,140.0,True,False,caught,Mohammad Nawaz,181,7,0.1547,False,,Pakistan,loss,
1327277,t20s_male_json.zip,2022-09-06,T20I,India,Sri Lanka,Dubai International Cricket Stadium,Dubai,Asia Cup,2022,1,False,1,6,7,1,0,4,85.71,True,False,lbw,,173,8,0.0347,False,,Sri Lanka,loss,
1327503,t20s_male_json.zip,2022-09-20,T20I,India,Australia,"Punjab Cricket Association IS Bindra Stadium, Mohali, Chandigarh",Chandigarh,Australia tour of India,2022,1,False,1,55,35,4,3,9,157.14,True,False,caught,NT Ellis,208,6,0.2644,False,,Australia,loss,
1327504,t20s_male_json.zip,2022-09-23,T20I,India,Australia,"Vidarbha Cricket Association Stadium, Jamtha, Nagpur",Nagpur,Australia tour of India,2022,2,False,1,10,6,0,1,2,166.67,True,False,bowled,,92,4,0.1087,True,91.0,India,win,
1327505,t20s_male_json.zip,2022-09-25,T20I,India,Australia,"Rajiv Gandhi International Stadium, Uppal, Hyderabad",Hyderabad,Australia tour of India,2022,2,False,1,1,4,0,0,3,25.0,True,False,caught,MS Wade,187,4,0.0053,True,187.0,India,win,
1327506,t20s_male_json.zip,2022-09-28,T20I,India,South Africa,"Greenfield International Stadium, Thiruvananthapuram",Thiruvananthapuram,South Africa tour of India,2022/23,2,False,1,51,56,2,4,33,91.07,False,True,not out,,110,2,0.4636,True,107.0,India,win,
1327507,t20s_male_json.zip,2022-10-02,T20I,India,South Africa,"Barsapara Cricket Stadium, Guwahati",Guwahati,South Africa tour of India,2022/23,1,False,1,57,28,5,4,6,203.57,True,False,lbw,,237,3,0.2405,False,,India,win,
1298150,t20s_male_json.zip,2022-10-23,T20I,India,Pakistan,Melbourne Cricket Ground,Melbourne,ICC Men's T20 World Cup,2022/23,2,False,1,4,8,0,0,5,50.0,True,False,bowled,,160,6,0.025,True,160.0,India,win,
1298157,t20s_male_json.zip,2022-10-27,T20I,India,Netherlands,Sydney Cricket Ground,Sydney,ICC Men's T20 World Cup,2022/23,1,False,1,9,12,1,0,8,75.0,True,False,lbw,,179,2,0.0503,False,,India,win,
1298164,t20s_male_json.zip,2022-10-30,T20I,India,South Africa,Perth Stadium,Perth,ICC Men's T20 World Cup,2022/23,1,False,1,9,14,0,1,10,64.29,True,False,caught,AK Markram,133,9,0.0677,False,,South Africa,loss,
1298169,t20s_male_json.zip,2022-11-02,T20I,India,Bangladesh,Adelaide Oval,Adelaide,ICC Men's T20 World Cup,2022/23,1,False,1,50,32,3,4,14,156.25,True,False,caught,Mustafizur Rahman,184,6,0.2717,False,,India,win,D/L
1298176,t20s_male_json.zip,2022-11-06,T20I,India,Zimbabwe,Melbourne Cricket Ground,Melbourne,ICC Men's T20 World Cup,2022/23,1,False,1,51,35,3,3,11,145.71,True,False,caught,WP Masakadza,186,5,0.2742,False,,India,win,
1298178,t20s_male_json.zip,2022-11-10,T20I,India,England,Adelaide Oval,Adelaide,ICC Men's T20 World Cup,2022/23,1,False,1,5,5,1,0,3,100.0,True,False,caught,JC Buttler,168,6,0.0298,False,,England,loss,
1340845,odis_male_json.zip,2022-12-04,ODI,India,Bangladesh,"Shere Bangla National Stadium, Mirpur",Dhaka,India tour of Bangladesh,2022/23,1,False,5,73,70,5,4,33,104.29,True,False,caught,Anamul Haque,186,10,0.3925,False,,Bangladesh,loss,
1340846,odis_male_json.zip,2022-12-07,ODI,India,Bangladesh,"Shere Bangla National Stadium, Mirpur",Dhaka,India tour of Bangladesh,2022/23,2,False,5,14,28,0,0,18,50.0,True,False,lbw,,266,9,0.0526,True,272.0,Bangladesh,loss,
1340847,odis_male_json.zip,2022-12-10,ODI,India,Bangladesh,"Zahur Ahmed Chowdhury Stadium, Chattogram",Chattogram,India tour of Bangladesh,2022/23,1,False,5,8,10,1,0,6,80.0,True,False,bowled,,409,8,0.0196,False,,India,win,
1340848,tests_male_json.zip,2022-12-14,Test,India,Bangladesh,"Zahur Ahmed Chowdhury Stadium, Chattogram",Chattogram,India tour of Bangladesh,2022/23,1,False,1,22,54,3,0,42,40.74,True,False,bowled,,404,10,0.0545,False,,India,win,
1340848,tests_male_json.zip,2022-12-14,Test,India,Bangladesh,"Zahur Ahmed Chowdhury Stadium, Chattogram",Chattogram,India tour of Bangladesh,2022/23,3,False,1,23,62,3,0,49,37.1,True,False,caught,Taijul Islam,258,2,0.0891,False,,India,win,
1340849,tests_male_json.zip,2022-12-22,Test,India,Bangladesh,"Shere Bangla National Stadium, Mirpur",Dhaka,India tour of Bangladesh,2022/23,2,False,1,10,45,1,0,38,22.22,True,False,lbw,,314,10,0.0318,False,,India,win,
1340849,tests_male_json.zip,2022-12-22,Test,India,Bangladesh,"Shere Bangla National Stadium, Mirpur",Dhaka,India tour of Bangladesh,2022/23,4,False,2,2,7,0,0,5,28.57,True,False,caught,Nurul Hasan,145,7,0.0138,False,,India,win,
1348643,odis_male_json.zip,2023-01-10,ODI,India,Sri Lanka,"Barsapara Cricket Stadium, Guwahati",Guwahati,Sri Lanka tour of India,2022/23,1,False,5,39,29,4,1,8,134.48,True,False,bowled,,373,7,0.1046,False,,India,win,
1348644,odis_male_json.zip,2023-01-12,ODI,India,Sri Lanka,"Eden Gardens, Kolkata",Kolkata,Sri Lanka tour of India,2022/23,2,False,5,64,103,6,0,60,62.14,False,True,not out,,219,6,0.2922,True,216.0,India,win,
1348645,odis_male_json.zip,2023-01-15,ODI,India,Sri Lanka,"Greenfield International Stadium, Thiruvananthapuram",Thiruvananthapuram,Sri Lanka tour of India,2022/23,1,False,5,7,6,1,0,2,116.67,True,False,caught,DN Wellalage,390,5,0.0179,False,,India,win,
1348652,tests_male_json.zip,2023-02-09,Test,India,Australia,"Vidarbha Cricket Association Stadium, Jamtha, Nagpur",Nagpur,Australia tour of India,2022/23,2,False,2,20,71,1,0,57,28.17,True,False,caught and bowled,,400,10,0.05,False,,India,win,
1348653,tests_male_json.zip,2023-02-17,Test,India,Australia,"Arun Jaitley Stadium, Delhi",Delhi,Australia tour of India,2022/23,2,False,2,17,41,0,1,30,41.46,True,False,lbw,,262,10,0.0649,False,,India,win,
1348653,tests_male_json.zip,2023-02-17,Test,India,Australia,"Arun Jaitley Stadium, Delhi",Delhi,Australia tour of India,2022/23,4,False,2,1,3,0,0,2,33.33,True,False,caught,AT Carey,118,4,0.0085,False,,India,win,
1348656,odis_male_json.zip,2023-03-17,ODI,India,Australia,"Wankhede Stadium, Mumbai",Mumbai,Australia tour of India,2022/23,2,False,5,75,91,7,1,45,82.42,False,True,not out,,191,5,0.3927,True,189.0,India,win,
1348657,odis_male_json.zip,2023-03-19,ODI,India,Australia,"Dr. Y.S. Rajasekhara Reddy ACA-VDCA Cricket Stadium, Visakhapatnam",Visakhapatnam,Australia tour of India,2022/23,1,False,5,9,12,1,0,8,75.0,True,False,lbw,,117,10,0.0769,False,,Australia,loss,
1348658,odis_male_json.zip,2023-03-22,ODI,India,Australia,"MA Chidambaram Stadium, Chepauk, Chennai",Chennai,Australia tour of India,2022/23,2,False,4,32,50,2,1,30,64.0,True,False,caught,SA Abbott,248,10,0.129,True,270.0,Australia,loss,
1359477,ipl_male_json.zip,2023-04-01,IPL,Lucknow Super Giants,Delhi Capitals,"Bharat Ratna Shri Atal Bihari Vajpayee Ekana Cricket Stadium, Lucknow",Lucknow,Indian Premier League,2023,1,False,1,8,12,0,1,9,66.67,True,False,caught,AR Patel,193,6,0.0415,False,,Lucknow Super Giants,win,
1359480,ipl_male_json.zip,2023-04-03,IPL,Lucknow Super Giants,Chennai Super Kings,"MA Chidambaram Stadium, Chepauk, Chennai",Chennai,Indian Premier League,2023,2,False,1,20,18,2,0,7,111.11,True,False,caught,RD Gaikwad,205,7,0.0976,True,218.0,Chennai Super Kings,loss,
1359484,ipl_male_json.zip,2023-04-07,IPL,Lucknow Super Giants,Sunrisers Hyderabad,"Bharat Ratna Shri Atal Bihari Vajpayee Ekana Cricket Stadium, Lucknow",Lucknow,Indian Premier League,2023,2,False,2,35,31,4,0,11,112.9,True,False,lbw,,127,5,0.2756,True,122.0,Lucknow Super Giants,win,
1359489,ipl_male_json.zip,2023-04-10,IPL,Lucknow Super Giants,Royal Challengers Bangalore,"M Chinnaswamy Stadium, Bengaluru",Bengaluru,Indian Premier League,2023,2,False,2,18,20,1,0,5,90.0,True,False,caught,V Kohli,213,9,0.0845,True,213.0,Lucknow Super Giants,win,
1359495,ipl_male_json.zip,2023-04-15,IPL,Lucknow Super Giants,Punjab Kings,"Bharat Ratna Shri Atal Bihari Vajpayee Ekana Cricket Stadium, Lucknow",Lucknow,Indian Premier League,2023,1,False,1,74,56,8,1,16,132.14,True,False,caught,NT Ellis,159,8,0.4654,False,,Punjab Kings,loss,
1359500,ipl_male_json.zip,2023-04-19,IPL,Lucknow Super Giants,Rajasthan Royals,"Sawai Mansingh Stadium, Jaipur",Jaipur,Indian Premier League,2023,1,False,1,39,32,4,1,14,121.88,True,False,caught,JC Buttler,154,7,0.2532,False,,Lucknow Super Giants,win,
1359504,ipl_male_json.zip,2023-04-22,IPL,Lucknow Super Giants,Gujarat Titans,"Bharat Ratna Shri Atal Bihari Vajpayee Ekana Cricket Stadium, Lucknow",Lucknow,Indian Premier League,2023,2,False,1,68,61,8,0,22,111.48,True,False,caught,J Yadav,128,7,0.5312,True,136.0,Gujarat Titans,loss,
1359512,ipl_male_json.zip,2023-04-28,IPL,Lucknow Super Giants,Punjab Kings,"Punjab Cricket Association IS Bindra Stadium, Mohali, Chandigarh",Chandigarh,Indian Premier League,2023,1,False,1,12,9,1,1,5,133.33,True,False,caught,M Shahrukh Khan,257,5,0.0467,False,,Lucknow Super Giants,win,
1359517,ipl_male_json.zip,2023-05-01,IPL,Lucknow Super Giants,Royal Challengers Bangalore,"Bharat Ratna Shri Atal Bihari Vajpayee Ekana Cricket Stadium, Lucknow",Lucknow,Indian Premier League,2023,2,False,11,0,3,0,0,3,0.0,False,True,not out,,108,10,0.0,True,127.0,Royal Challengers Bangalore,loss,
1388406,odis_male_json.zip,2023-09-10,ODI,India,Pakistan,"R Premadasa Stadium, Colombo",Colombo,Asia Cup,2023,1,False,4,111,106,12,2,47,104.72,False,True,not out,,356,2,0.3118,False,,India,win,
1388407,odis_male_json.zip,2023-09-12,ODI,India,Sri Lanka,"R Premadasa Stadium, Colombo",Colombo,Asia Cup,2023,1,False,5,39,44,2,0,16,88.64,True,False,caught and bowled,,213,10,0.1831,False,,India,win,
1388412,odis_male_json.zip,2023-09-15,ODI,India,Bangladesh,"R Premadasa Stadium, Colombo",Colombo,Asia Cup,2023,2,False,4,19,39,2,0,26,48.72,True,False,caught,Shamim Hossain,259,10,0.0734,True,266.0,Bangladesh,loss,
1389388,odis_male_json.zip,2023-09-22,ODI,India,Australia,"Punjab Cricket Association IS Bindra Stadium, Mohali, Chandigarh",Chandigarh,Australia tour of India,2023/24,2,False,4,58,63,4,1,25,92.06,False,True,not out,,281,5,0.2064,True,277.0,India,win,
1389389,odis_male_json.zip,2023-09-24,ODI,India,Australia,"Holkar Cricket Stadium, Indore",Indore,Australia tour of India,2023/24,1,False,4,52,38,3,3,10,136.84,True,False,bowled,,399,5,0.1303,False,,India,win,D/L
1389390,odis_male_json.zip,2023-09-27,ODI,India,Australia,"Saurashtra Cricket Association Stadium, Rajkot",Rajkot,Australia tour of India,2023/24,2,False,5,26,30,2,0,12,86.67,True,False,caught,AT Carey,286,10,0.0909,True,353.0,Australia,loss,
1384396,odis_male_json.zip,2023-10-08,ODI,India,Australia,"MA Chidambaram Stadium, Chepauk, Chennai",Chennai,ICC Cricket World Cup,2023/24,2,False,5,97,115,8,2,57,84.35,False,True,not out,,201,4,0.4826,True,200.0,India,win,
1384403,odis_male_json.zip,2023-10-14,ODI,India,Pakistan,"Narendra Modi Stadium, Ahmedabad",Ahmedabad,ICC Cricket World Cup,2023/24,2,False,5,19,29,2,0,17,65.52,False,True,not out,,192,3,0.099,True,192.0,India,win,
1384408,odis_male_json.zip,2023-10-19,ODI,India,Bangladesh,"Maharashtra Cricket Association Stadium, Pune",Pune,ICC Cricket World Cup,2023/24,2,False,5,34,34,3,1,14,100.0,False,True,not out,,261,3,0.1303,True,257.0,India,win,
1384412,odis_male_json.zip,2023-10-22,ODI,India,New Zealand,"Himachal Pradesh Cricket Association Stadium, Dharamsala",Dharamsala,ICC Cricket World Cup,2023/24,2,False,5,27,35,3,0,18,77.14,True,False,lbw,,274,6,0.0985,True,274.0,India,win,
1384420,odis_male_json.zip,2023-10-29,ODI,India,England,"Bharat Ratna Shri Atal Bihari Vajpayee Ekana Cricket Stadium, Lucknow",Lucknow,ICC Cricket World Cup,2023/24,1,False,5,39,58,3,0,31,67.24,True,False,caught,JM Bairstow,229,9,0.1703,False,,India,win,
1384424,odis_male_json.zip,2023-11-02,ODI,India,Sri Lanka,"Wankhede Stadium, Mumbai",Mumbai,ICC Cricket World Cup,2023/24,1,False,5,21,19,2,0,4,110.53,True,False,caught,MADI Hemantha,357,8,0.0588,False,,India,win,
1384428,odis_male_json.zip,2023-11-05,ODI,India,South Africa,"Eden Gardens, Kolkata",Kolkata,ICC Cricket World Cup,2023/24,1,False,5,8,17,0,0,9,47.06,True,False,caught,HE van der Dussen,326,5,0.0245,False,,India,win,
1384436,odis_male_json.zip,2023-11-12,ODI,India,Netherlands,"M Chinnaswamy Stadium, Bengaluru",Bengaluru,ICC Cricket World Cup,2023/24,1,False,5,102,64,11,4,16,159.38,True,False,caught,SA Engelbrecht,410,4,0.2488,False,,India,win,
1384437,odis_male_json.zip,2023-11-15,ODI,India,New Zealand,"Wankhede Stadium, Mumbai",Mumbai,ICC Cricket World Cup,2023/24,1,False,5,39,20,5,2,7,195.0,False,True,not out,,397,4,0.0982,False,,India,win,
1384439,odis_male_json.zip,2023-11-19,ODI,India,Australia,"Narendra Modi Stadium, Ahmedabad",Ahmedabad,ICC Cricket World Cup,2023/24,1,False,5,66,107,1,0,49,61.68,True,False,caught,JP Inglis,240,10,0.275,False,,Australia,loss,
1387601,odis_male_json.zip,2023-12-19,ODI,India,South Africa,"St George's Park, Gqeberha",Gqeberha,India tour of South Africa,2023/24,1,False,4,56,64,7,0,31,87.5,True,False,caught,DA Miller,211,10,0.2654,False,,South Africa,loss,
1387602,odis_male_json.zip,2023-12-21,ODI,India,South Africa,"Boland Park, Paarl",Paarl,India tour of South Africa,2023/24,1,False,4,21,35,2,0,20,60.0,True,False,caught,H Klaasen,296,8,0.0709,False,,India,win,
1387603,tests_male_json.zip,2023-12-26,Test,India,South Africa,"SuperSport Park, Centurion",Centurion,India tour of South Africa,2023/24,1,False,6,101,137,14,4,100,73.72,True,False,bowled,,245,10,0.4122,False,,South Africa,loss,
1387603,tests_male_json.zip,2023-12-26,Test,India,South Africa,"SuperSport Park, Centurion",Centurion,India tour of South Africa,2023/24,3,False,6,4,24,1,0,23,16.67,True,False,caught,AK Markram,131,10,0.0305,False,,South Africa,loss,
1387604,tests_male_json.zip,2024-01-03,Test,India,South Africa,"Newlands, Cape Town",Cape Town,India tour of South Africa,2023/24,2,False,6,8,33,1,0,28,24.24,True,False,caught,K Verreynne,153,10,0.0523,False,,India,win,
1389399,tests_male_json.zip,2024-01-25,Test,India,England,"Rajiv Gandhi International Stadium, Uppal, Hyderabad",Hyderabad,England tour of India,2023/24,2,False,4,86,123,8,2,74,69.92,True,False,caught,Rehan Ahmed,436,10,0.1972,False,,England,loss,
1389399,tests_male_json.zip,2024-01-25,Test,India,England,"Rajiv Gandhi International Stadium, Uppal, Hyderabad",Hyderabad,England tour of India,2023/24,4,False,4,22,48,3,0,35,45.83,True,False,lbw,,202,10,0.1089,False,,England,loss,
1422122,ipl_male_json.zip,2024-03-24,IPL,Lucknow Super Giants,Rajasthan Royals,"Sawai Mansingh Stadium, Jaipur",Jaipur,Indian Premier League,2024,2,False,2,58,44,4,2,12,131.82,True,False,caught,Dhruv Jurel,173,6,0.3353,True,194.0,Rajasthan Royals,loss,
1422129,ipl_male_json.zip,2024-03-30,IPL,Lucknow Super Giants,Punjab Kings,"Bharat Ratna Shri Atal Bihari Vajpayee Ekana Cricket Stadium, Lucknow",Lucknow,Indian Premier League,2024,1,False,2,15,9,1,1,3,166.67,True,False,caught,JM Bairstow,199,8,0.0754,False,,Lucknow Super Giants,win,
1422133,ipl_male_json.zip,2024-04-02,IPL,Lucknow Super Giants,Royal Challengers Bengaluru,"M Chinnaswamy Stadium, Bengaluru",Bengaluru,Indian Premier League,2024,1,False,2,20,14,0,2,5,142.86,True,False,caught,Mayank Dagar,181,5,0.1105,False,,Lucknow Super Giants,win,
1422139,ipl_male_json.zip,2024-04-07,IPL,Lucknow Super Giants,Gujarat Titans,"Bharat Ratna Shri Atal Bihari Vajpayee Ekana Cricket Stadium, Lucknow",Lucknow,Indian Premier League,2024,1,False,2,33,31,3,0,8,106.45,True,False,caught,R Tewatia,163,5,0.2025,False,,Lucknow Super Giants,win,
1426264,ipl_male_json.zip,2024-04-12,IPL,Lucknow Super Giants,Delhi Capitals,"Bharat Ratna Shri Atal Bihari Vajpayee Ekana Cricket Stadium, Lucknow",Lucknow,Indian Premier League,2024,1,False,2,39,22,5,1,5,177.27,True,False,caught,RR Pant,167,7,0.2335,False,,Delhi Capitals,loss,
1426266,ipl_male_json.zip,2024-04-14,IPL,Lucknow Super Giants,Kolkata Knight Riders,"Eden Gardens, Kolkata",Kolkata,Indian Premier League,2024,1,False,2,39,27,3,2,8,144.44,True,False,caught,Ramandeep Singh,161,7,0.2422,False,,Kolkata Knight Riders,loss,
1426272,ipl_male_json.zip,2024-04-19,IPL,Lucknow Super Giants,Chennai Super Kings,"Bharat Ratna Shri Atal Bihari Vajpayee Ekana Cricket Stadium, Lucknow",Lucknow,Indian Premier League,2024,2,False,2,82,53,9,3,16,154.72,True,False,caught,RA Jadeja,180,2,0.4556,True,177.0,Lucknow Super Giants,win,
1426277,ipl_male_json.zip,2024-04-23,IPL,Lucknow Super Giants,Chennai Super Kings,"MA Chidambaram Stadium, Chepauk, Chennai",Chennai,Indian Premier League,2024,2,False,2,16,14,1,1,8,114.29,True,False,caught,RD Gaikwad,213,4,0.0751,True,211.0,Lucknow Super Giants,win,
1426282,ipl_male_json.zip,2024-04-27,IPL,Lucknow Super Giants,Rajasthan Royals,"Bharat Ratna Shri Atal Bihari Vajpayee Ekana Cricket Stadium, Lucknow",Lucknow,Indian Premier League,2024,1,False,2,76,48,8,2,12,158.33,True,False,caught,TA Boult,196,5,0.3878,False,,Rajasthan Royals,loss,
1426286,ipl_male_json.zip,2024-04-30,IPL,Lucknow Super Giants,Mumbai Indians,"Bharat Ratna Shri Atal Bihari Vajpayee Ekana Cricket Stadium, Lucknow",Lucknow,Indian Premier League,2024,2,False,1,28,22,3,1,10,127.27,True,False,caught,Mohammad Nabi,145,6,0.1931,True,145.0,Lucknow Super Giants,win,
1426292,ipl_male_json.zip,2024-05-05,IPL,Lucknow Super Giants,Kolkata Knight Riders,"Bharat Ratna Shri Atal Bihari Vajpayee Ekana Cricket Stadium, Lucknow",Lucknow,Indian Premier League,2024,2,False,1,25,21,3,0,7,119.05,True,False,caught,Ramandeep Singh,137,10,0.1825,True,236.0,Kolkata Knight Riders,loss,
1426295,ipl_male_json.zip,2024-05-08,IPL,Lucknow Super Giants,Sunrisers Hyderabad,"Rajiv Gandhi International Stadium, Uppal, Hyderabad",Hyderabad,Indian Premier League,2024,1,False,1,29,33,1,1,15,87.88,True,False,caught,T Natarajan,165,4,0.1758,False,,Sunrisers Hyderabad,loss,
1426302,ipl_male_json.zip,2024-05-14,IPL,Lucknow Super Giants,Delhi Capitals,"Arun Jaitley Stadium, Delhi",Delhi,Indian Premier League,2024,2,False,2,5,3,1,0,1,166.67,True,False,caught,Mukesh Kumar,189,9,0.0265,True,209.0,Delhi Capitals,loss,
1426305,ipl_male_json.zip,2024-05-17,IPL,Lucknow Super Giants,Mumbai Indians,"Wankhede Stadium, Mumbai",Mumbai,Indian Premier League,2024,1,False,1,55,41,3,3,13,134.15,True,False,caught,N Thushara,214,6,0.257,False,,Lucknow Super Giants,win,
1442990,odis_male_json.zip,2024-08-02,ODI,India,Sri Lanka,"R Premadasa Stadium, Colombo",Colombo,India tour of Sri Lanka,2024,2,False,6,31,43,2,0,20,72.09,True,False,caught,DN Wellalage,230,10,0.1348,True,231.0,,tie,
1442991,odis_male_json.zip,2024-08-04,ODI,India,Sri Lanka,"R Premadasa Stadium, Colombo",Colombo,India tour of Sri Lanka,2024,2,False,7,0,2,0,0,2,0.0,True,False,bowled,,208,10,0.0,True,241.0,Sri Lanka,loss,
1439891,tests_male_json.zip,2024-09-19,Test,India,Bangladesh,"MA Chidambaram Stadium, Chepauk, Chennai",Chennai,Bangladesh tour of India,2024/25,1,False,6,16,52,1,0,42,30.77,True,False,caught,Zakir Hasan,376,10,0.0426,False,,India,win,
1439891,tests_male_json.zip,2024-09-19,Test,India,Bangladesh,"MA Chidambaram Stadium, Chepauk, Chennai",Chennai,Bangladesh tour of India,2024/25,3,False,6,22,19,4,0,9,115.79,False,True,not out,,287,4,0.0767,False,,India,win,
1439892,tests_male_json.zip,2024-09-27,Test,India,Bangladesh,"Green Park, Kanpur",Kanpur,Bangladesh tour of India,2024/25,2,False,6,68,43,7,2,9,158.14,True,False,stumped,Liton Das,285,9,0.2386,False,,India,win,
1439896,tests_male_json.zip,2024-10-16,Test,India,New Zealand,"M Chinnaswamy Stadium, Bengaluru",Bengaluru,New Zealand tour of India,2024/25,1,False,6,0,6,0,0,6,0.0,True,False,caught,TA Blundell,46,10,0.0,False,,New Zealand,loss,
1439896,tests_male_json.zip,2024-10-16,Test,India,New Zealand,"M Chinnaswamy Stadium, Bengaluru",Bengaluru,New Zealand tour of India,2024/25,3,False,6,12,16,2,0,11,75.0,True,False,caught,TA Blundell,462,10,0.026,False,,New Zealand,loss,
1426555,tests_male_json.zip,2024-11-22,Test,India,Australia,Perth Stadium,Perth,India tour of Australia,2024/25,1,False,2,26,74,3,0,64,35.14,True,False,caught,AT Carey,150,10,0.1733,False,,India,win,
1426555,tests_male_json.zip,2024-11-22,Test,India,Australia,Perth Stadium,Perth,India tour of Australia,2024/25,3,False,2,77,176,5,0,130,43.75,True,False,caught,AT Carey,487,6,0.1581,False,,India,win,
1426556,tests_male_json.zip,2024-12-06,Test,India,Australia,Adelaide Oval,Adelaide,India tour of Australia,2024/25,1,False,2,37,64,6,0,50,57.81,True,False,caught,NA McSweeney,180,10,0.2056,False,,Australia,loss,
1426556,tests_male_json.zip,2024-12-06,Test,India,Australia,Adelaide Oval,Adelaide,India tour of Australia,2024/25,3,False,2,7,10,1,0,6,70.0,True,False,caught,AT Carey,175,10,0.04,False,,Australia,loss,
1426557,tests_male_json.zip,2024-12-14,Test,India,Australia,"Brisbane Cricket Ground, Woolloongabba, Brisbane",Brisbane,India tour of Australia,2024/25,2,False,2,84,139,8,0,91,60.43,True,False,caught,SPD Smith,260,10,0.3231,False,,,no_result,
1426557,tests_male_json.zip,2024-12-14,Test,India,Australia,"Brisbane Cricket Ground, Woolloongabba, Brisbane",Brisbane,India tour of Australia,2024/25,4,False,2,4,7,0,0,5,57.14,False,True,not out,,8,0,0.5,False,,,no_result,
1426558,tests_male_json.zip,2024-12-26,Test,India,Australia,Melbourne Cricket Ground,Melbourne,India tour of Australia,2024/25,2,False,3,24,42,3,0,34,57.14,True,False,bowled,,369,10,0.065,False,,Australia,loss,
1426558,tests_male_json.zip,2024-12-26,Test,India,Australia,Melbourne Cricket Ground,Melbourne,India tour of Australia,2024/25,4,False,3,0,5,0,0,5,0.0,True,False,caught,UT Khawaja,155,10,0.0,False,,Australia,loss,
1426559,tests_male_json.zip,2025-01-03,Test,India,Australia,Sydney Cricket Ground,Sydney,India tour of Australia,2024/25,1,False,2,4,14,0,0,12,28.57,True,False,caught,S Konstas,185,10,0.0216,False,,Australia,loss,
1426559,tests_male_json.zip,2025-01-03,Test,India,Australia,Sydney Cricket Ground,Sydney,India tour of Australia,2024/25,3,False,2,13,20,2,0,15,65.0,True,False,bowled,,157,10,0.0828,False,,Australia,loss,
1439904,odis_male_json.zip,2025-02-06,ODI,India,England,"Vidarbha Cricket Association Stadium, Jamtha, Nagpur",Nagpur,England tour of India,2024/25,2,False,6,2,9,0,0,7,22.22,True,False,caught and bowled,,251,6,0.008,True,249.0,India,win,
1439905,odis_male_json.zip,2025-02-09,ODI,India,England,"Barabati Stadium, Cuttack",Cuttack,England tour of India,2024/25,2,False,6,10,14,1,0,7,71.43,True,False,caught,PD Salt,308,6,0.0325,True,305.0,India,win,
1439906,odis_male_json.zip,2025-02-12,ODI,India,England,"Narendra Modi Stadium, Ahmedabad",Ahmedabad,England tour of India,2024/25,1,False,5,40,29,3,1,7,137.93,True,False,lbw,,356,10,0.1124,False,,India,win,
1466415,odis_male_json.zip,2025-02-20,ODI,India,Bangladesh,Dubai International Cricket Stadium,Dubai,ICC Champions Trophy,2024/25,2,False,6,41,47,1,2,21,87.23,False,True,not out,,231,4,0.1775,True,229.0,India,win,
1466425,odis_male_json.zip,2025-03-02,ODI,India,New Zealand,Dubai International Cricket Stadium,Dubai,ICC Champions Trophy,2024/25,1,False,6,23,29,1,0,11,79.31,True,False,caught,TWM Latham,249,9,0.0924,False,,India,win,
1466426,odis_male_json.zip,2025-03-04,ODI,India,Australia,Dubai International Cricket Stadium,Dubai,ICC Champions Trophy,2024/25,2,False,6,42,34,2,2,10,123.53,False,True,not out,,267,6,0.1573,True,265.0,India,win,
1466428,odis_male_json.zip,2025-03-09,ODI,India,New Zealand,Dubai International Cricket Stadium,Dubai,ICC Champions Trophy,2024/25,2,False,6,34,33,1,1,11,103.03,False,True,not out,,254,6,0.1339,True,252.0,India,win,
1473447,ipl_male_json.zip,2025-03-30,IPL,Delhi Capitals,Sunrisers Hyderabad,"Dr. Y.S. Rajasekhara Reddy ACA-VDCA Cricket Stadium, Visakhapatnam",Visakhapatnam,Indian Premier League,2025,2,False,4,15,5,2,1,1,300.0,True,False,bowled,,166,3,0.0904,True,164.0,Delhi Capitals,win,
1473454,ipl_male_json.zip,2025-04-05,IPL,Delhi Capitals,Chennai Super Kings,"MA Chidambaram Stadium, Chepauk, Chennai",Chennai,Indian Premier League,2025,1,False,2,77,51,6,3,10,150.98,True,False,caught,MS Dhoni,183,6,0.4208,False,,Delhi Capitals,win,
1473461,ipl_male_json.zip,2025-04-10,IPL,Delhi Capitals,Royal Challengers Bengaluru,"M Chinnaswamy Stadium, Bengaluru",Bengaluru,Indian Premier League,2025,2,False,4,93,53,7,6,15,175.47,False,True,not out,,169,4,0.5503,True,164.0,Delhi Capitals,win,
1473466,ipl_male_json.zip,2025-04-13,IPL,Delhi Capitals,Mumbai Indians,"Arun Jaitley Stadium, Delhi",Delhi,Indian Premier League,2025,2,False,4,15,13,1,0,3,115.38,True,False,caught and bowled,,193,10,0.0777,True,206.0,Mumbai Indians,loss,
1473469,ipl_male_json.zip,2025-04-16,IPL,Delhi Capitals,Rajasthan Royals,"Arun Jaitley Stadium, Delhi",Delhi,Indian Premier League,2025,1,False,4,38,32,2,2,11,118.75,True,False,caught,SO Hetmyer,188,5,0.2021,False,,,tie,
1473469,ipl_male_json.zip,2025-04-16,IPL,Delhi Capitals,Rajasthan Royals,"Arun Jaitley Stadium, Delhi",Delhi,Indian Premier League,2025,4,True,1,7,3,1,0,0,233.33,False,True,not out,,13,0,0.5385,False,,,tie,
1473472,ipl_male_json.zip,2025-04-19,IPL,Delhi Capitals,Gujarat Titans,"Narendra Modi Stadium, Ahmedabad",Ahmedabad,Indian Premier League,2025,1,False,3,28,14,4,1,4,200.0,True,False,lbw,,203,8,0.1379,False,,Gujarat Titans,loss,
1473477,ipl_male_json.zip,2025-04-22,IPL,Delhi Capitals,Lucknow Super Giants,"Bharat Ratna Shri Atal Bihari Vajpayee Ekana Cricket Stadium, Lucknow",Lucknow,Indian Premier League,2025,2,False,3,57,42,3,3,12,135.71,False,True,not out,,161,2,0.354,True,160.0,Delhi Capitals,win,
1473483,ipl_male_json.zip,2025-04-27,IPL,Delhi Capitals,Royal Challengers Bengaluru,"Arun Jaitley Stadium, Delhi",Delhi,Indian Premier League,2025,1,False,4,41,39,3,0,12,105.13,True,False,caught,JG Bethell,162,8,0.2531,False,,Royal Challengers Bengaluru,loss,
1473485,ipl_male_json.zip,2025-04-29,IPL,Delhi Capitals,Kolkata Knight Riders,"Arun Jaitley Stadium, Delhi",Delhi,Indian Premier League,2025,2,False,4,7,5,1,0,1,140.0,True,False,run out,SP Narine,190,9,0.0368,True,205.0,Kolkata Knight Riders,loss,
1473492,ipl_male_json.zip,2025-05-05,IPL,Delhi Capitals,Sunrisers Hyderabad,"Rajiv Gandhi International Stadium, Uppal, Hyderabad",Hyderabad,Indian Premier League,2025,1,False,4,10,14,1,0,7,71.43,True,False,caught,Ishan Kishan,133,7,0.0752,False,,,no_result,
1473498,ipl_male_json.zip,2025-05-18,IPL,Delhi Capitals,Gujarat Titans,"Arun Jaitley Stadium, Delhi",Delhi,Indian Premier League,2025,1,False,1,112,65,14,4,19,172.31,False,True,not out,,199,3,0.5628,False,,Gujarat Titans,loss,
1473501,ipl_male_json.zip,2025-05-21,IPL,Delhi Capitals,Mumbai Indians,"Wankhede Stadium, Mumbai",Mumbai,Indian Premier League,2025,2,False,1,11,6,2,0,1,183.33,True,False,caught,RD Rickelton,121,10,0.0909,True,181.0,Mumbai Indians,loss,
1485779,ipl_male_json.zip,2025-05-24,IPL,Delhi Capitals,Punjab Kings,"Sawai Mansingh Stadium, Jaipur",Jaipur,Indian Premier League,2025,2,False,1,35,21,6,1,9,166.67,True,False,caught,Shashank Singh,208,4,0.1683,True,207.0,Delhi Capitals,win,
1448349,tests_male_json.zip,2025-06-20,Test,India,England,"Headingley, Leeds",Leeds,India tour of England,2025,1,False,2,42,78,8,0,63,53.85,True,False,caught,JE Root,471,10,0.0892,False,,England,loss,
1448349,tests_male_json.zip,2025-06-20,Test,India,England,"Headingley, Leeds",Leeds,India tour of England,2025,3,False,2,137,247,18,0,174,55.47,True,False,bowled,,364,10,0.3764,False,,England,loss,
1448350,tests_male_json.zip,2025-07-02,Test,India,England,"Edgbaston, Birmingham",Birmingham,India tour of England,2025,1,False,2,2,26,0,0,24,7.69,True,False,bowled,,587,10,0.0034,False,,India,win,
1448350,tests_male_json.zip,2025-07-02,Test,India,England,"Edgbaston, Birmingham",Birmingham,India tour of England,2025,3,False,2,55,84,10,0,61,65.48,True,False,bowled,,427,6,0.1288,False,,India,win,
1448351,tests_male_json.zip,2025-07-10,Test,India,England,"Lord's, London",London,India tour of England,2025,2,False,2,100,177,13,0,124,56.5,True,False,caught,HC Brook,387,10,0.2584,False,,England,loss,
1448351,tests_male_json.zip,2025-07-10,Test,India,England,"Lord's, London",London,India tour of England,2025,4,False,2,39,58,6,0,40,67.24,True,False,lbw,,170,10,0.2294,False,,England,loss,
1448352,tests_male_json.zip,2025-07-23,Test,India,England,"Old Trafford, Manchester",Manchester,India tour of England,2025,1,False,2,46,98,4,0,74,46.94,True,False,caught,Z Crawley,358,10,0.1285,False,,,no_result,
1448352,tests_male_json.zip,2025-07-23,Test,India,England,"Old Trafford, Manchester",Manchester,India tour of England,2025,3,False,2,90,230,8,0,177,39.13,True,False,lbw,,425,4,0.2118,False,,,no_result,
1448353,tests_male_json.zip,2025-07-31,Test,India,England,"Kennington Oval, London",London,India tour of England,2025,1,False,2,14,40,1,0,31,35.0,True,False,bowled,,224,10,0.0625,False,,India,win,
1448353,tests_male_json.zip,2025-07-31,Test,India,England,"Kennington Oval, London",London,India tour of England,2025,3,False,2,7,28,1,0,25,25.0,True,False,caught,JE Root,396,10,0.0177,False,,India,win,
1479569,tests_male_json.zip,2025-10-02,Test,India,West Indies,"Narendra Modi Stadium, Ahmedabad",Ahmedabad,West Indies tour of India,2025/26,2,False,2,100,197,12,0,137,50.76,True,False,caught,JP Greaves,448,5,0.2232,False,,India,win,
1479570,tests_male_json.zip,2025-10-10,Test,India,West Indies,"Arun Jaitley Stadium, Delhi",Delhi,West Indies tour of India,2025/26,1,False,2,38,54,5,1,38,70.37,True,False,stumped,TA Imlach,518,5,0.0734,False,,India,win,
1479570,tests_male_json.zip,2025-10-10,Test,India,West Indies,"Arun Jaitley Stadium, Delhi",Delhi,West Indies tour of India,2025/26,4,False,2,58,108,6,2,81,53.7,False,True,not out,,124,3,0.4677,False,,India,win,
1478904,odis_male_json.zip,2025-10-19,ODI,India,Australia,Perth Stadium,Perth,India tour of Australia,2025/26,1,False,6,38,31,2,2,10,122.58,True,False,caught,MT Renshaw,136,9,0.2794,False,,Australia,loss,D/L
1478905,odis_male_json.zip,2025-10-23,ODI,India,Australia,Adelaide Oval,Adelaide,India tour of Australia,2025/26,1,False,6,11,15,1,0,9,73.33,True,False,bowled,,264,9,0.0417,False,,Australia,loss,
1479571,tests_male_json.zip,2025-11-14,Test,India,South Africa,"Eden Gardens, Kolkata",Kolkata,South Africa tour of India,2025/26,2,False,2,39,119,4,1,99,32.77,True,False,caught,AK Markram,189,9,0.2063,False,,South Africa,loss,
1479571,tests_male_json.zip,2025-11-14,Test,India,South Africa,"Eden Gardens, Kolkata",Kolkata,South Africa tour of India,2025/26,4,False,2,1,6,0,0,5,16.67,True,False,caught,K Verreynne,93,9,0.0108,False,,South Africa,loss,
1479572,tests_male_json.zip,2025-11-22,Test,India,South Africa,"Barsapara Cricket Stadium, Guwahati",Guwahati,South Africa tour of India,2025/26,2,False,2,22,63,2,0,51,34.92,True,False,caught,AK Markram,201,10,0.1095,False,,South Africa,loss,
1479572,tests_male_json.zip,2025-11-22,Test,India,South Africa,"Barsapara Cricket Stadium, Guwahati",Guwahati,South Africa tour of India,2025/26,4,False,2,6,29,0,0,26,20.69,True,False,bowled,,140,10,0.0429,False,,South Africa,loss,
1479573,odis_male_json.zip,2025-11-30,ODI,India,South Africa,"JSCA International Stadium Complex, Ranchi",Ranchi,South Africa tour of India,2025/26,1,False,6,60,56,2,3,21,107.14,True,False,caught,Q de Kock,349,8,0.1719,False,,India,win,
1479574,odis_male_json.zip,2025-12-03,ODI,India,South Africa,"Shaheed Veer Narayan Singh International Stadium, Raipur",Raipur,South Africa tour of India,2025/26,1,False,5,66,43,6,2,11,153.49,False,True,not out,,358,5,0.1844,False,,South Africa,loss,
1490231,odis_male_json.zip,2026-01-11,ODI,India,New Zealand,"Kotambi Stadium, Vadodara",Vadodara,New Zealand tour of India,2025/26,2,False,6,29,21,2,1,4,138.1,False,True,not out,,306,6,0.0948,True,301.0,India,win,
1490232,odis_male_json.zip,2026-01-14,ODI,India,New Zealand,"Niranjan Shah Stadium, Rajkot",Rajkot,New Zealand tour of India,2025/26,1,False,5,112,92,11,1,29,121.74,False,True,not out,,284,7,0.3944,False,,New Zealand,loss,
1490233,odis_male_json.zip,2026-01-18,ODI,India,New Zealand,"Holkar Cricket Stadium, Indore",Indore,New Zealand tour of India,2025/26,2,False,5,1,6,0,0,5,16.67,True,False,caught,GD Phillips,296,10,0.0034,True,338.0,New Zealand,loss,
1527678,ipl_male_json.zip,2026-04-01,IPL,Delhi Capitals,Lucknow Super Giants,"Bharat Ratna Shri Atal Bihari Vajpayee Ekana Cricket Stadium, Lucknow",Lucknow,Indian Premier League,2026,2,False,1,0,1,0,0,1,0.0,True,False,caught,Mohsin Khan,145,4,0.0,True,142.0,Delhi Capitals,win,
1527681,ipl_male_json.zip,2026-04-04,IPL,Delhi Capitals,Mumbai Indians,"Arun Jaitley Stadium, Delhi",Delhi,Indian Premier League,2026,2,False,1,1,3,0,0,2,33.33,True,False,caught,RD Rickelton,164,4,0.0061,True,163.0,Delhi Capitals,win,
1527687,ipl_male_json.zip,2026-04-08,IPL,Delhi Capitals,Gujarat Titans,"Arun Jaitley Stadium, Delhi",Delhi,Indian Premier League,2026,2,False,2,92,52,11,4,14,176.92,True,False,caught,JC Buttler,209,8,0.4402,True,211.0,Gujarat Titans,loss,
1527691,ipl_male_json.zip,2026-04-11,IPL,Delhi Capitals,Chennai Super Kings,"MA Chidambaram Stadium, Chepauk, Chennai",Chennai,Indian Premier League,2026,2,False,2,18,10,2,1,3,180.0,True,False,caught,J Overton,189,10,0.0952,True,213.0,Chennai Super Kings,loss,
1529269,ipl_male_json.zip,2026-04-18,IPL,Delhi Capitals,Royal Challengers Bengaluru,"M Chinnaswamy Stadium, Bengaluru",Bengaluru,Indian Premier League,2026,2,False,2,57,34,6,2,8,167.65,True,False,caught,V Kohli,179,4,0.3184,True,176.0,Delhi Capitals,win,
1529274,ipl_male_json.zip,2026-04-21,IPL,Delhi Capitals,Sunrisers Hyderabad,"Rajiv Gandhi International Stadium, Uppal, Hyderabad",Hyderabad,Indian Premier League,2026,2,False,2,37,23,1,3,6,160.87,True,False,caught,Abhishek Sharma,195,9,0.1897,True,243.0,Sunrisers Hyderabad,loss,
1529278,ipl_male_json.zip,2026-04-25,IPL,Delhi Capitals,Punjab Kings,"Arun Jaitley Stadium, Delhi",Delhi,Indian Premier League,2026,1,False,2,152,67,16,9,10,226.87,False,True,not out,,264,2,0.5758,False,,Punjab Kings,loss,
1529282,ipl_male_json.zip,2026-04-27,IPL,Delhi Capitals,Royal Challengers Bengaluru,"Arun Jaitley Stadium, Delhi",Delhi,Indian Premier League,2026,1,False,2,1,3,0,0,2,33.33,True,False,caught,JM Sharma,75,10,0.0133,False,,Royal Challengers Bengaluru,loss,
1529286,ipl_male_json.zip,2026-05-01,IPL,Delhi Capitals,Rajasthan Royals,"Sawai Mansingh Stadium, Jaipur",Jaipur,Indian Premier League,2026,2,False,2,75,40,6,5,12,187.5,True,False,caught,D Ferreira,226,3,0.3319,True,226.0,Delhi Capitals,win,
1529291,ipl_male_json.zip,2026-05-05,IPL,Delhi Capitals,Chennai Super Kings,"Arun Jaitley Stadium, Delhi",Delhi,Indian Premier League,2026,1,False,2,12,13,2,0,7,92.31,True,False,caught,RD Gaikwad,155,7,0.0774,False,,Chennai Super Kings,loss,
1529294,ipl_male_json.zip,2026-05-08,IPL,Delhi Capitals,Kolkata Knight Riders,"Arun Jaitley Stadium, Delhi",Delhi,Indian Premier League,2026,1,False,2,23,14,4,0,3,164.29,True,False,caught,C Green,142,8,0.162,False,,Kolkata Knight Riders,loss,
1529298,ipl_male_json.zip,2026-05-11,IPL,Delhi Capitals,Punjab Kings,"Himachal Pradesh Cricket Association Stadium, Dharamsala",Dharamsala,Indian Premier League,2026,2,False,1,9,8,2,0,5,112.5,True,False,caught,M Jansen,216,7,0.0417,True,211.0,Delhi Capitals,win,
1529305,ipl_male_json.zip,2026-05-17,IPL,Delhi Capitals,Rajasthan Royals,"Arun Jaitley Stadium, Delhi",Delhi,Indian Premier League,2026,2,False,2,56,42,1,3,10,133.33,True,False,bowled,,197,5,0.2843,True,194.0,Delhi Capitals,win,
1529313,ipl_male_json.zip,2026-05-24,IPL,Delhi Capitals,Kolkata Knight Riders,"Eden Gardens, Kolkata",Kolkata,Indian Premier League,2026,1,False,2,60,30,5,4,6,200.0,True,False,caught,R Powell,203,5,0.2956,False,,Delhi Capitals,win,
1496579,odis_male_json.zip,2026-07-14,ODI,India,England,"Edgbaston, Birmingham",Birmingham,India tour of England,2026,2,False,6,1,3,0,0,2,33.33,True,False,bowled,,262,4,0.0038,True,259.0,India,win,
1496581,odis_male_json.zip,2026-07-19,ODI,India,England,"Lord's, London",London,India tour of England,2026,2,False,6,12,8,2,0,2,150.0,True,False,bowled,,360,7,0.0333,True,388.0,England,loss,
1544001,tests_male_json.zip,2026-08-15,Test,India,Sri Lanka,Galle International Stadium,Galle,India tour of Sri Lanka,2026,1,False,2,82,175,10,1,132,46.86,True,False,caught,KNM Fernando,462,10,0.1775,False,,India,win,
1544001,tests_male_json.zip,2026-08-15,Test,India,Sri Lanka,Galle International Stadium,Galle,India tour of Sri Lanka,2026,3,False,2,35,47,2,2,33,74.47,True,False,caught,RMMP Rathnayake,193,10,0.1813,False,,India,win,
