id,original_filename,renamed_original,enhanced_web_file,dimensions,quality,max_recommended_css_width_px,category,era_or_event,verification_level,correct_website_use,must_not_use_for,online_replacement_priority
01,0120cce0c2bf0977bbde371ef732caf9.jpg,01-current-india-odi-bat-raise.jpg,01-current-india-odi-bat-raise.webp,1200x1800,high,1200,International/ODI,2026 current India ODI,era/team verified,Journey current ODI form; Gallery International/ODI; generic current ODI record,Do not label Afghanistan Test or Champions Trophy,NO
02,03-4-1024x620.webp,02-2019-world-cup-century-celebration.webp,02-2019-world-cup-century-celebration.webp,1024x620,medium,768,International/ODI,2019 ODI World Cup era,era/team verified,Journey 2018–2019 multi-format rise; Gallery ODI/World Cup,Do not use for 2023 World Cup or 2025 Champions Trophy,NO
03,0c7187b8cd6701a011bb9bce6bb86caf.jpg,03-delhi-capitals-2025-wave.jpg,03-delhi-capitals-2025-wave.webp,736x981,medium-high,662,IPL/Delhi Capitals,Delhi Capitals 2025,team verified,Journey Delhi Capitals resurgence; Gallery IPL/DC,Do not use for India or older IPL franchises,NO
04,118947152.avif,04-champions-trophy-2025-trophy.avif,04-champions-trophy-2025-trophy.webp,1280x720,medium,960,International/Champions Trophy,Champions Trophy 2025 victory,exact event verified,Journey Champions Trophy victory; closing feature; Gallery International/Trophies,Do not use for T20 World Cup,NO
05,348895.webp,05-india-odi-batting-2019-era.webp,05-india-odi-batting-2019-era.webp,1200x800,medium-high,1080,International/ODI,2019 India ODI/World Cup era,era/team verified,Journey multi-format rise; Gallery International/ODI,Do not attach to a specific century without verification,NO
06,403587.webp,06-test-cricket-walking-2025-era.webp,06-test-cricket-walking-2025-era.webp,1280x853,medium-high,1152,International/Test,2025 red-ball era,era/team verified,Journey 2025 red-ball renewal; Gallery Test,Do not use as Afghanistan 2026 exact century image,NO
07,417941.webp,07-current-test-century-celebration.webp,07-current-test-century-celebration.webp,1280x853,medium-high,1152,International/Test,2025–2026 current Test era,era/team verified,Journey current Test continuation; Century Vault only after exact-match verification,Likely current Test image; do not claim Afghanistan solely from appearance,NO
08,41fcbada0f24916a04b975b811bca2d2.jpg,08-current-india-blue-helmet-kiss.jpg,08-current-india-blue-helmet-kiss.webp,736x1307,medium-high,662,International/ODI,2026 current India ODI era,era/team verified,Journey current white-ball contribution; Gallery ODI,Do not use for a specific hundred until verified,NO
09,42f966525a23208978107bfb31133ae8.jpg,09-india-blue-editorial-portrait.jpg,09-india-blue-editorial-portrait.webp,1200x2582,high,1200,International/Portrait,India white-ball portrait,team verified,Gallery International/Portrait; optional section divider,Do not attach to a specific match,NO
10,575d0c2e6e510a1dcdda0053_388038309.jpg,10-india-white-ball-2016-zimbabwe-era.jpg,10-india-white-ball-2016-zimbabwe-era.webp,555x768,medium,416,International/ODI,2016 Zimbabwe white-ball arrival era,era/team verified,Journey 2016 white-ball arrival; Gallery ODI,Do not call it the exact debut-century celebration without verification,NO
11,6aef19632c1c27dcf849bcb291e1aad5.jpg,11-world-cup-2023-disappointment.jpg,11-world-cup-2023-disappointment.webp,1200x675,medium-high,1080,International/ODI,ODI World Cup 2023,event/era verified,Journey 2023 World Cup finalist and final disappointment; Gallery World Cup,Do not use as a century celebration,NO
12,768-512-11171235-543-11171235-1616765285329.jpg,12-t20i-ear-celebration-2022-era.jpg,12-t20i-ear-celebration-2022-era.webp,768x512,medium,576,International/T20I,2021–2022 T20I era,era/team verified,Journey difficult T20 World Cup period; Gallery T20I,Do not attach to one exact game unless verified,NO
13,824512-47620-eyukusseut-1482062281.jpg,13-early-test-century-celebration.jpg,13-early-test-century-celebration.webp,1200x538,medium,900,International/Test,Early Test career,era/team verified,Journey Sydney breakthrough candidate; Gallery Test/Centuries,Confirm Sydney 2015 before using as exact 110 image,NO
14,89d54ab4a5f8ec43543c1e71626492b8.jpg,14-off-field-formal-suit.jpg,14-off-field-formal-suit.webp,828x1022,medium-high,745,Off Field/Formal,Off-field formal appearance,content verified,Gallery Off Field; editorial interlude,Never use for cricket achievement,NO
15,8f14e5199d0a94b0e6996d97614bdad7.jpg,15-current-india-odi-ground-portrait.jpg,15-current-india-odi-ground-portrait.webp,718x718,medium-high,646,International/ODI,2026 current India ODI,era/team verified,Journey current ODI contribution; Gallery International/ODI,Do not assign exact match without verification,NO
16,9bf2d8bcea34c72c21535b5993dc00ba.jpg,16-punjab-kings-cap-portrait.jpg,16-punjab-kings-cap-portrait.webp,828x540,medium,621,IPL/Punjab Kings,Punjab Kings captaincy era,team verified,Journey Punjab leadership; Gallery IPL/Punjab,Never use for Established India or LSG,NO
17,ANI-20250311145001.jpg,17-champions-trophy-2025-trophy-portrait.jpg,17-champions-trophy-2025-trophy-portrait.webp,600x450,low,420,International/Champions Trophy,Champions Trophy 2025 victory,exact event verified,Journey Champions Trophy; Gallery Trophies,Low resolution: small card only or replace online,YES
18,KL-Rahul-2020-IPL.webp,18-punjab-kings-2020-ipl-action.webp,18-punjab-kings-2020-ipl-action.webp,1200x700,medium-high,1080,IPL/Punjab Kings,IPL 2020 Punjab era,filename/team verified,Journey Punjab run-scoring/captaincy; Gallery IPL/Punjab,Do not use for RCB/LSG/DC,NO
19,KL-Rahul-Bowled.jpg,19-india-white-ball-dismissal.jpg,19-india-white-ball-dismissal.webp,1280x875,medium-high,1152,International/T20I,India white-ball difficult phase,content verified,Journey difficult T20I phase; Gallery T20I,Do not label the opponent unless separately verified,NO
20,KL-Rahul-celebration-after-sealing-DCs-win-over-RCB-goes-viral-2025-04-e51d1857e7b964a025e375972478aebf-16x9.avif,20-dc-win-vs-rcb-2025.avif,20-dc-win-vs-rcb-2025.webp,640x360,low,384,IPL/Delhi Capitals,Delhi Capitals vs RCB 2025,exact event from filename,Journey DC 2025 resurgence; Gallery IPL/DC,Low resolution composite: small card only or replace,YES
21,Kl-Rahul-Shubman-Gill.jpg,21-current-test-century-with-gill.jpg,21-current-test-century-with-gill.webp,1280x750,medium-high,1152,International/Test,"Current Test era, Gill present",content/era verified,Journey 2026 Test continuation; Afghanistan 2026 candidate pending source match,Do not publish Afghanistan exact caption until verified,NO
22,OIP.webp,22-india-white-ball-bat-raise-2020-22.webp,22-india-white-ball-bat-raise-2020-22.webp,474x316,low,284,International/T20I,2020–2022 India white-ball era,era/team verified,Gallery International/T20I; supporting T20I absence story,Very low resolution; never use as feature image,YES
23,R.jpg,23-young-india-player-portrait.jpg,23-young-india-player-portrait.webp,1024x1024,medium-high,921,Early Career/Youth,Youth/early India pathway,content verified,Journey early development; Gallery Early Career,Do not call senior international debut,NO
24,World-Cup-2027.jpg,24-world-cup-2023-walk-off.jpg,24-world-cup-2023-walk-off.webp,2419x3129,high,2419,International/ODI,ODI World Cup 2023,visual era verified,Journey 2023 World Cup; Gallery International/World Cup,Filename is misleading; not World Cup 2027,NO
25,b403de8c2017ad8bfcaeb3606d2dcafd.jpg,25-young-rcb-portrait.jpg,25-young-rcb-portrait.webp,720x722,medium-high,648,IPL/RCB,Early RCB era,team verified,Journey early IPL/RCB emergence; Gallery IPL/RCB,Do not use for Punjab/LSG/DC,NO
26,badeaec011e464ea0b5fadc6b2a77f27.jpg,26-india-white-ball-helmet-kiss-2020-22.jpg,26-india-white-ball-helmet-kiss-2020-22.webp,764x934,medium-high,687,International/ODI-T20I,2020–2022 India white-ball era,era/team verified,Gallery International; Journey white-ball phase,Exact match/format uncertain,NO
27,d8a543c952a2147f0a5f168b9c55fb0d.jpg,27-current-india-team-candid.jpg,27-current-india-team-candid.webp,735x817,medium-high,661,International/Team,Current India white-ball team,era/team verified,Gallery International/Team; supporting current chapter,Do not use as exact trophy image,NO
28,da7398149e8acb02abe0126d256f31d7.jpg,28-world-cup-2023-bat-raise.jpg,28-world-cup-2023-bat-raise.webp,735x1256,medium-high,661,International/ODI,ODI World Cup 2023,event/era verified,Journey 2023 World Cup; Century Vault candidate after match verification,Likely Netherlands hundred imagery; verify before exact 102 caption,NO
29,e0ef6fea636ce6e404c39a4efe6e9477.jpg,29-india-cap-wave-portrait.jpg,29-india-cap-wave-portrait.webp,1199x800,medium-high,1079,International/Portrait,India team portrait/training,content verified,Gallery International/Portrait; optional transition,Do not attach to a record,NO
30,e61a8ac16f094910375284e1c2403969.jpg,30-karnataka-domestic-trophies.jpg,30-karnataka-domestic-trophies.webp,828x814,medium-high,745,Domestic/Karnataka,Karnataka domestic foundations,content verified,Journey Stage 01 Karnataka; Gallery Domestic/Early Career,Do not use for India senior trophy,NO
31,e8c46a23d1a408794307710dd6e2ca23.jpg,31-india-wicketkeeper-2020-22.jpg,31-india-wicketkeeper-2020-22.webp,828x1026,medium-high,745,International/Wicketkeeping,2020–2022 India wicketkeeping,content/era verified,Gallery Wicketkeeping; Journey role development,Do not use for Champions Trophy 2025,NO
32,ea60e3ed873dbb8576b5a959985c8c15.jpg,32-india-world-cup-2023-celebration.jpg,32-india-world-cup-2023-celebration.webp,735x541,medium,551,International/ODI,ODI World Cup 2023,event/era verified,Journey 2023 World Cup; Gallery Centuries/Celebrations,Exact innings uncertain,NO
33,f470e28ec6d454cd4f2715c78319fb79fba2a21e-16x9-x0y0w1280h720.jpg,33-champions-trophy-2025-team-celebration.jpg,33-champions-trophy-2025-team-celebration.webp,1200x675,medium-high,1080,International/Champions Trophy,Champions Trophy 2025 team victory,exact event verified,Journey CT 2025; Gallery Trophies; closing story,Do not use for T20 World Cup,NO
34,fc0d1aa2a9262db4b1f8bb69273ab94a.jpg,34-delhi-capitals-2025-awards.jpg,34-delhi-capitals-2025-awards.webp,735x969,medium-high,661,IPL/Delhi Capitals,Delhi Capitals 2025,team/event era verified,Journey DC resurgence; Gallery IPL/DC,Do not use for India achievement,NO
35,india's-kl-rahul-is-bowled-out-by-pakistan's-shaheen-shah-afridi.jpg,35-t20-world-cup-2021-shaheen-dismissal.jpg,35-t20-world-cup-2021-shaheen-dismissal.webp,700x420,low,420,International/T20I,"India vs Pakistan, T20 World Cup 2021",exact event verified,Journey difficult 2021 T20WC; Gallery T20I,Do not use for 2022 World Cup,YES
36,kl-rahul-rahul-dravid-asia-cup-2023-india-vs-pakistan-kl-rahul-century-kl-rahul-interview-shr_7012408614a2c61de841e198c3fc87ec.webp,36-asia-cup-2023-pakistan-111.webp,36-asia-cup-2023-pakistan-111.webp,1920x1080,high,1920,International/ODI,"India vs Pakistan, Asia Cup 2023, 111*",exact event verified,Journey comeback; Century Vault; Gallery ODI/Centuries,Correct dedicated image for 111* comeback,NO
37,kl-rahul-test-century_202201307373.jpg,37-south-africa-test-century-2021-22-era.jpg,37-south-africa-test-century-2021-22-era.webp,686x514,medium,514,International/Test,South Africa Test century era 2021–22,filename/era verified,Journey Test resilience; Century Vault after exact score verification,Do not use for Afghanistan 2026,NO
38,klrahuloct9century.jpg,38-current-test-century-back-view.jpg,38-current-test-century-back-view.webp,1200x800,medium-high,1080,International/Test,"Current Test century, likely 2025",era verified only,Journey 2025 red-ball renewal; Gallery Test/Centuries,Exact match/date uncertain despite filename,NO
39,lokesh-rahul-plays-a-shot-during-their-second-test-against-sri-lanka-in-colombo-1511184832.jpg,39-sri-lanka-colombo-test-2017.jpg,39-sri-lanka-colombo-test-2017.webp,1024x662,medium-high,921,International/Test,"Sri Lanka second Test, Colombo 2017",exact event from filename,Journey Test/multi-format development; Gallery Test,Do not use for a century unless score verified,NO
40,oar2.jpg,40-young-india-team-candid.jpg,40-young-india-team-candid.webp,405x720,low,260,Early Career/Youth,Young India pathway/candid,content verified,Gallery Early Career/Off Field; supporting beginnings,Very low resolution; small card only,YES
41,thequint_2019-12_5d05456c-dfec-46dd-baae-6028a56ae108_AP19352458195255.avif,41-india-t20i-2019-celebration.avif,41-india-t20i-2019-celebration.webp,1200x666,medium-high,1080,International/T20I,India T20I 2019 era,filename/date era verified,Journey multi-format/T20I rise; Gallery T20I,Exact match uncertain,NO
