asset_id,source_file,category,original_dimensions,recommended_roles,renamed_original,gallery_webp,journey_card_webp,century_vault_webp,background_4k_webp
3621,IMG_3621.JPG,01_early_career,600x450,gallery;journey;century-vault,01_originals_renamed/01_early_career/kl-rahul-early-career-3621.jpg,02_web_ready/gallery/01_early_career/kl-rahul-early-career-3621.webp,02_web_ready/journey_cards_4x5/01_early_career/kl-rahul-early-career-3621-card.webp,02_web_ready/century_vault_16x9/kl-rahul-early-career-3621-century.webp,
3622,IMG_3622.JPG,01_early_career,960x1598,gallery;journey;century-vault,01_originals_renamed/01_early_career/kl-rahul-early-career-3622.jpg,02_web_ready/gallery/01_early_career/kl-rahul-early-career-3622.webp,02_web_ready/journey_cards_4x5/01_early_career/kl-rahul-early-career-3622-card.webp,02_web_ready/century_vault_16x9/kl-rahul-early-career-3622-century.webp,
3623,IMG_3623.JPG,01_early_career,900x506,gallery;journey;century-vault;background-candidate,01_originals_renamed/01_early_career/kl-rahul-early-career-3623.jpg,02_web_ready/gallery/01_early_career/kl-rahul-early-career-3623.webp,02_web_ready/journey_cards_4x5/01_early_career/kl-rahul-early-career-3623-card.webp,02_web_ready/century_vault_16x9/kl-rahul-early-career-3623-century.webp,03_4k_background_candidates/kl-rahul-early-career-3623-4k.webp
3624,IMG_3624.JPG,01_early_career,320x214,gallery;journey,01_originals_renamed/01_early_career/kl-rahul-early-career-3624.jpg,02_web_ready/gallery/01_early_career/kl-rahul-early-career-3624.webp,02_web_ready/journey_cards_4x5/01_early_career/kl-rahul-early-career-3624-card.webp,,
3625,IMG_3625.JPG,01_early_career,960x682,gallery;journey,01_originals_renamed/01_early_career/kl-rahul-early-career-3625.jpg,02_web_ready/gallery/01_early_career/kl-rahul-early-career-3625.webp,02_web_ready/journey_cards_4x5/01_early_career/kl-rahul-early-career-3625-card.webp,,
3626,IMG_3626.JPG,01_early_career,600x450,gallery;journey,01_originals_renamed/01_early_career/kl-rahul-early-career-3626.jpg,02_web_ready/gallery/01_early_career/kl-rahul-early-career-3626.webp,02_web_ready/journey_cards_4x5/01_early_career/kl-rahul-early-career-3626-card.webp,,
3627,IMG_3627.JPG,01_early_career,900x506,gallery;journey;century-vault;background-candidate,01_originals_renamed/01_early_career/kl-rahul-early-career-3627.jpg,02_web_ready/gallery/01_early_career/kl-rahul-early-career-3627.webp,02_web_ready/journey_cards_4x5/01_early_career/kl-rahul-early-career-3627-card.webp,02_web_ready/century_vault_16x9/kl-rahul-early-career-3627-century.webp,03_4k_background_candidates/kl-rahul-early-career-3627-4k.webp
3628,IMG_3628.JPG,01_early_career,490x626,gallery;journey,01_originals_renamed/01_early_career/kl-rahul-early-career-3628.jpg,02_web_ready/gallery/01_early_career/kl-rahul-early-career-3628.webp,02_web_ready/journey_cards_4x5/01_early_career/kl-rahul-early-career-3628-card.webp,,
3629,IMG_3629.JPG,01_early_career,628x355,gallery;journey,01_originals_renamed/01_early_career/kl-rahul-early-career-3629.jpg,02_web_ready/gallery/01_early_career/kl-rahul-early-career-3629.webp,02_web_ready/journey_cards_4x5/01_early_career/kl-rahul-early-career-3629-card.webp,,
3630,IMG_3630.JPG,01_early_career,900x646,gallery;journey;century-vault,01_originals_renamed/01_early_career/kl-rahul-early-career-3630.jpg,02_web_ready/gallery/01_early_career/kl-rahul-early-career-3630.webp,02_web_ready/journey_cards_4x5/01_early_career/kl-rahul-early-career-3630-card.webp,02_web_ready/century_vault_16x9/kl-rahul-early-career-3630-century.webp,
3631,IMG_3631.JPG,02_india_breakthrough,427x718,gallery;journey,01_originals_renamed/02_india_breakthrough/kl-rahul-india-breakthrough-3631.jpg,02_web_ready/gallery/02_india_breakthrough/kl-rahul-india-breakthrough-3631.webp,02_web_ready/journey_cards_4x5/02_india_breakthrough/kl-rahul-india-breakthrough-3631-card.webp,,
3632,IMG_3632.JPG,02_india_breakthrough,495x619,gallery;journey,01_originals_renamed/02_india_breakthrough/kl-rahul-india-breakthrough-3632.jpg,02_web_ready/gallery/02_india_breakthrough/kl-rahul-india-breakthrough-3632.webp,02_web_ready/journey_cards_4x5/02_india_breakthrough/kl-rahul-india-breakthrough-3632-card.webp,,
3633,IMG_3633.JPG,02_india_breakthrough,350x441,gallery;journey;century-vault,01_originals_renamed/02_india_breakthrough/kl-rahul-india-breakthrough-3633.jpg,02_web_ready/gallery/02_india_breakthrough/kl-rahul-india-breakthrough-3633.webp,02_web_ready/journey_cards_4x5/02_india_breakthrough/kl-rahul-india-breakthrough-3633-card.webp,02_web_ready/century_vault_16x9/kl-rahul-india-breakthrough-3633-century.webp,
3634,IMG_3634.JPG,02_india_breakthrough,806x605,gallery;journey,01_originals_renamed/02_india_breakthrough/kl-rahul-india-breakthrough-3634.jpg,02_web_ready/gallery/02_india_breakthrough/kl-rahul-india-breakthrough-3634.webp,02_web_ready/journey_cards_4x5/02_india_breakthrough/kl-rahul-india-breakthrough-3634-card.webp,,
3635,IMG_3635.JPG,02_india_breakthrough,686x386,gallery;journey,01_originals_renamed/02_india_breakthrough/kl-rahul-india-breakthrough-3635.jpg,02_web_ready/gallery/02_india_breakthrough/kl-rahul-india-breakthrough-3635.webp,02_web_ready/journey_cards_4x5/02_india_breakthrough/kl-rahul-india-breakthrough-3635-card.webp,,
3636,IMG_3636.JPG,02_india_breakthrough,900x585,gallery;journey,01_originals_renamed/02_india_breakthrough/kl-rahul-india-breakthrough-3636.jpg,02_web_ready/gallery/02_india_breakthrough/kl-rahul-india-breakthrough-3636.webp,02_web_ready/journey_cards_4x5/02_india_breakthrough/kl-rahul-india-breakthrough-3636-card.webp,,
3637,IMG_3637.JPG,02_india_breakthrough,447x447,gallery;journey,01_originals_renamed/02_india_breakthrough/kl-rahul-india-breakthrough-3637.jpg,02_web_ready/gallery/02_india_breakthrough/kl-rahul-india-breakthrough-3637.webp,02_web_ready/journey_cards_4x5/02_india_breakthrough/kl-rahul-india-breakthrough-3637-card.webp,,
3638,IMG_3638.JPG,02_india_breakthrough,800x572,gallery;journey,01_originals_renamed/02_india_breakthrough/kl-rahul-india-breakthrough-3638.jpg,02_web_ready/gallery/02_india_breakthrough/kl-rahul-india-breakthrough-3638.webp,02_web_ready/journey_cards_4x5/02_india_breakthrough/kl-rahul-india-breakthrough-3638-card.webp,,
3639,IMG_3639.JPG,02_india_breakthrough,743x413,gallery;journey,01_originals_renamed/02_india_breakthrough/kl-rahul-india-breakthrough-3639.jpg,02_web_ready/gallery/02_india_breakthrough/kl-rahul-india-breakthrough-3639.webp,02_web_ready/journey_cards_4x5/02_india_breakthrough/kl-rahul-india-breakthrough-3639-card.webp,,
3640,IMG_3640.JPG,02_india_breakthrough,739x415,gallery;journey,01_originals_renamed/02_india_breakthrough/kl-rahul-india-breakthrough-3640.jpg,02_web_ready/gallery/02_india_breakthrough/kl-rahul-india-breakthrough-3640.webp,02_web_ready/journey_cards_4x5/02_india_breakthrough/kl-rahul-india-breakthrough-3640-card.webp,,
3641,IMG_3641.JPG,03_established_india,1280x720,gallery;journey;century-vault;background-candidate,01_originals_renamed/03_established_india/kl-rahul-established-india-3641.jpg,02_web_ready/gallery/03_established_india/kl-rahul-established-india-3641.webp,02_web_ready/journey_cards_4x5/03_established_india/kl-rahul-established-india-3641-card.webp,02_web_ready/century_vault_16x9/kl-rahul-established-india-3641-century.webp,03_4k_background_candidates/kl-rahul-established-india-3641-4k.webp
3642,IMG_3642.JPG,03_established_india,759x422,gallery;journey,01_originals_renamed/03_established_india/kl-rahul-established-india-3642.jpg,02_web_ready/gallery/03_established_india/kl-rahul-established-india-3642.webp,02_web_ready/journey_cards_4x5/03_established_india/kl-rahul-established-india-3642-card.webp,,
3643,IMG_3643.JPG,03_established_india,1920x1080,gallery;journey;background-candidate,01_originals_renamed/03_established_india/kl-rahul-established-india-3643.jpg,02_web_ready/gallery/03_established_india/kl-rahul-established-india-3643.webp,02_web_ready/journey_cards_4x5/03_established_india/kl-rahul-established-india-3643-card.webp,,03_4k_background_candidates/kl-rahul-established-india-3643-4k.webp
3644,IMG_3644.JPG,03_established_india,926x519,gallery;journey,01_originals_renamed/03_established_india/kl-rahul-established-india-3644.jpg,02_web_ready/gallery/03_established_india/kl-rahul-established-india-3644.webp,02_web_ready/journey_cards_4x5/03_established_india/kl-rahul-established-india-3644-card.webp,,
3645,IMG_3645.JPG,03_established_india,630x354,gallery;journey;century-vault,01_originals_renamed/03_established_india/kl-rahul-established-india-3645.jpg,02_web_ready/gallery/03_established_india/kl-rahul-established-india-3645.webp,02_web_ready/journey_cards_4x5/03_established_india/kl-rahul-established-india-3645-card.webp,02_web_ready/century_vault_16x9/kl-rahul-established-india-3645-century.webp,
3646,IMG_3646.JPG,03_established_india,759x422,gallery;journey;century-vault,01_originals_renamed/03_established_india/kl-rahul-established-india-3646.jpg,02_web_ready/gallery/03_established_india/kl-rahul-established-india-3646.webp,02_web_ready/journey_cards_4x5/03_established_india/kl-rahul-established-india-3646-card.webp,02_web_ready/century_vault_16x9/kl-rahul-established-india-3646-century.webp,
3647,IMG_3647.JPG,03_established_india,960x540,gallery;journey,01_originals_renamed/03_established_india/kl-rahul-established-india-3647.jpg,02_web_ready/gallery/03_established_india/kl-rahul-established-india-3647.webp,02_web_ready/journey_cards_4x5/03_established_india/kl-rahul-established-india-3647-card.webp,,
3648,IMG_3648.JPG,03_established_india,1200x630,gallery;journey;century-vault,01_originals_renamed/03_established_india/kl-rahul-established-india-3648.jpg,02_web_ready/gallery/03_established_india/kl-rahul-established-india-3648.webp,02_web_ready/journey_cards_4x5/03_established_india/kl-rahul-established-india-3648-card.webp,02_web_ready/century_vault_16x9/kl-rahul-established-india-3648-century.webp,
3649,IMG_3649.JPG,03_established_india,759x422,gallery;journey,01_originals_renamed/03_established_india/kl-rahul-established-india-3649.jpg,02_web_ready/gallery/03_established_india/kl-rahul-established-india-3649.webp,02_web_ready/journey_cards_4x5/03_established_india/kl-rahul-established-india-3649-card.webp,,
3650,IMG_3650.JPG,03_established_india,1200x675,gallery;journey,01_originals_renamed/03_established_india/kl-rahul-established-india-3650.jpg,02_web_ready/gallery/03_established_india/kl-rahul-established-india-3650.webp,02_web_ready/journey_cards_4x5/03_established_india/kl-rahul-established-india-3650-card.webp,,
3651,IMG_3651.JPG,03_established_india,1200x900,gallery;journey,01_originals_renamed/03_established_india/kl-rahul-established-india-3651.jpg,02_web_ready/gallery/03_established_india/kl-rahul-established-india-3651.webp,02_web_ready/journey_cards_4x5/03_established_india/kl-rahul-established-india-3651-card.webp,,
3652,IMG_3652.JPG,03_established_india,1200x675,gallery;journey;century-vault;background-candidate,01_originals_renamed/03_established_india/kl-rahul-established-india-3652.jpg,02_web_ready/gallery/03_established_india/kl-rahul-established-india-3652.webp,02_web_ready/journey_cards_4x5/03_established_india/kl-rahul-established-india-3652-card.webp,02_web_ready/century_vault_16x9/kl-rahul-established-india-3652-century.webp,03_4k_background_candidates/kl-rahul-established-india-3652-4k.webp
3653,IMG_3653.JPG,03_established_india,1296x729,gallery;journey;background-candidate,01_originals_renamed/03_established_india/kl-rahul-established-india-3653.jpg,02_web_ready/gallery/03_established_india/kl-rahul-established-india-3653.webp,02_web_ready/journey_cards_4x5/03_established_india/kl-rahul-established-india-3653-card.webp,,03_4k_background_candidates/kl-rahul-established-india-3653-4k.webp
3654,IMG_3654.JPG,04_captaincy_and_lsg,739x415,gallery;journey,01_originals_renamed/04_captaincy_and_lsg/kl-rahul-captaincy-and-lsg-3654.jpg,02_web_ready/gallery/04_captaincy_and_lsg/kl-rahul-captaincy-and-lsg-3654.webp,02_web_ready/journey_cards_4x5/04_captaincy_and_lsg/kl-rahul-captaincy-and-lsg-3654-card.webp,,
3655,IMG_3655.PNG,04_captaincy_and_lsg,1024x576,gallery;journey,01_originals_renamed/04_captaincy_and_lsg/kl-rahul-captaincy-and-lsg-3655.png,02_web_ready/gallery/04_captaincy_and_lsg/kl-rahul-captaincy-and-lsg-3655.webp,02_web_ready/journey_cards_4x5/04_captaincy_and_lsg/kl-rahul-captaincy-and-lsg-3655-card.webp,,
3656,IMG_3656.JPG,04_captaincy_and_lsg,806x605,gallery;journey;century-vault,01_originals_renamed/04_captaincy_and_lsg/kl-rahul-captaincy-and-lsg-3656.jpg,02_web_ready/gallery/04_captaincy_and_lsg/kl-rahul-captaincy-and-lsg-3656.webp,02_web_ready/journey_cards_4x5/04_captaincy_and_lsg/kl-rahul-captaincy-and-lsg-3656-card.webp,02_web_ready/century_vault_16x9/kl-rahul-captaincy-and-lsg-3656-century.webp,
3657,IMG_3657.JPG,04_captaincy_and_lsg,399x501,gallery;journey,01_originals_renamed/04_captaincy_and_lsg/kl-rahul-captaincy-and-lsg-3657.jpg,02_web_ready/gallery/04_captaincy_and_lsg/kl-rahul-captaincy-and-lsg-3657.webp,02_web_ready/journey_cards_4x5/04_captaincy_and_lsg/kl-rahul-captaincy-and-lsg-3657-card.webp,,
3658,IMG_3658.JPG,04_captaincy_and_lsg,452x678,gallery;journey,01_originals_renamed/04_captaincy_and_lsg/kl-rahul-captaincy-and-lsg-3658.jpg,02_web_ready/gallery/04_captaincy_and_lsg/kl-rahul-captaincy-and-lsg-3658.webp,02_web_ready/journey_cards_4x5/04_captaincy_and_lsg/kl-rahul-captaincy-and-lsg-3658-card.webp,,
3659,IMG_3659.JPG,04_captaincy_and_lsg,900x506,gallery;journey,01_originals_renamed/04_captaincy_and_lsg/kl-rahul-captaincy-and-lsg-3659.jpg,02_web_ready/gallery/04_captaincy_and_lsg/kl-rahul-captaincy-and-lsg-3659.webp,02_web_ready/journey_cards_4x5/04_captaincy_and_lsg/kl-rahul-captaincy-and-lsg-3659-card.webp,,
3660,IMG_3660.JPG,04_captaincy_and_lsg,676x453,gallery;journey,01_originals_renamed/04_captaincy_and_lsg/kl-rahul-captaincy-and-lsg-3660.jpg,02_web_ready/gallery/04_captaincy_and_lsg/kl-rahul-captaincy-and-lsg-3660.webp,02_web_ready/journey_cards_4x5/04_captaincy_and_lsg/kl-rahul-captaincy-and-lsg-3660-card.webp,,
3661,IMG_3661.JPG,04_captaincy_and_lsg,678x452,gallery;journey,01_originals_renamed/04_captaincy_and_lsg/kl-rahul-captaincy-and-lsg-3661.jpg,02_web_ready/gallery/04_captaincy_and_lsg/kl-rahul-captaincy-and-lsg-3661.webp,02_web_ready/journey_cards_4x5/04_captaincy_and_lsg/kl-rahul-captaincy-and-lsg-3661-card.webp,,
3662,IMG_3662.JPG,04_captaincy_and_lsg,3201x4800,gallery;journey,01_originals_renamed/04_captaincy_and_lsg/kl-rahul-captaincy-and-lsg-3662.jpg,02_web_ready/gallery/04_captaincy_and_lsg/kl-rahul-captaincy-and-lsg-3662.webp,02_web_ready/journey_cards_4x5/04_captaincy_and_lsg/kl-rahul-captaincy-and-lsg-3662-card.webp,,
3663,IMG_3663.JPG,04_captaincy_and_lsg,739x415,gallery;journey;century-vault;background-candidate,01_originals_renamed/04_captaincy_and_lsg/kl-rahul-captaincy-and-lsg-3663.jpg,02_web_ready/gallery/04_captaincy_and_lsg/kl-rahul-captaincy-and-lsg-3663.webp,02_web_ready/journey_cards_4x5/04_captaincy_and_lsg/kl-rahul-captaincy-and-lsg-3663-card.webp,02_web_ready/century_vault_16x9/kl-rahul-captaincy-and-lsg-3663-century.webp,03_4k_background_candidates/kl-rahul-captaincy-and-lsg-3663-4k.webp
3664,IMG_3664.JPG,04_captaincy_and_lsg,1296x729,gallery;journey,01_originals_renamed/04_captaincy_and_lsg/kl-rahul-captaincy-and-lsg-3664.jpg,02_web_ready/gallery/04_captaincy_and_lsg/kl-rahul-captaincy-and-lsg-3664.webp,02_web_ready/journey_cards_4x5/04_captaincy_and_lsg/kl-rahul-captaincy-and-lsg-3664-card.webp,,
3665,IMG_3665.jpg,04_captaincy_and_lsg,766x1269,gallery;journey,01_originals_renamed/04_captaincy_and_lsg/kl-rahul-captaincy-and-lsg-3665.jpg,02_web_ready/gallery/04_captaincy_and_lsg/kl-rahul-captaincy-and-lsg-3665.webp,02_web_ready/journey_cards_4x5/04_captaincy_and_lsg/kl-rahul-captaincy-and-lsg-3665-card.webp,,
3666,IMG_3666.JPG,04_captaincy_and_lsg,739x415,gallery;journey,01_originals_renamed/04_captaincy_and_lsg/kl-rahul-captaincy-and-lsg-3666.jpg,02_web_ready/gallery/04_captaincy_and_lsg/kl-rahul-captaincy-and-lsg-3666.webp,02_web_ready/journey_cards_4x5/04_captaincy_and_lsg/kl-rahul-captaincy-and-lsg-3666-card.webp,,
3667,IMG_3667.JPG,05_comeback_and_world_cup,350x488,gallery;journey,01_originals_renamed/05_comeback_and_world_cup/kl-rahul-comeback-and-world-cup-3667.jpg,02_web_ready/gallery/05_comeback_and_world_cup/kl-rahul-comeback-and-world-cup-3667.webp,02_web_ready/journey_cards_4x5/05_comeback_and_world_cup/kl-rahul-comeback-and-world-cup-3667-card.webp,,
3668,IMG_3668.JPG,05_comeback_and_world_cup,1200x800,gallery;journey;century-vault;background-candidate,01_originals_renamed/05_comeback_and_world_cup/kl-rahul-comeback-and-world-cup-3668.jpg,02_web_ready/gallery/05_comeback_and_world_cup/kl-rahul-comeback-and-world-cup-3668.webp,02_web_ready/journey_cards_4x5/05_comeback_and_world_cup/kl-rahul-comeback-and-world-cup-3668-card.webp,02_web_ready/century_vault_16x9/kl-rahul-comeback-and-world-cup-3668-century.webp,03_4k_background_candidates/kl-rahul-comeback-and-world-cup-3668-4k.webp
3669,IMG_3669.WEBP,05_comeback_and_world_cup,1280x720,gallery;journey;century-vault;background-candidate,01_originals_renamed/05_comeback_and_world_cup/kl-rahul-comeback-and-world-cup-3669.webp,02_web_ready/gallery/05_comeback_and_world_cup/kl-rahul-comeback-and-world-cup-3669.webp,02_web_ready/journey_cards_4x5/05_comeback_and_world_cup/kl-rahul-comeback-and-world-cup-3669-card.webp,02_web_ready/century_vault_16x9/kl-rahul-comeback-and-world-cup-3669-century.webp,03_4k_background_candidates/kl-rahul-comeback-and-world-cup-3669-4k.webp
3670,IMG_3670.JPG,05_comeback_and_world_cup,690x388,gallery;journey,01_originals_renamed/05_comeback_and_world_cup/kl-rahul-comeback-and-world-cup-3670.jpg,02_web_ready/gallery/05_comeback_and_world_cup/kl-rahul-comeback-and-world-cup-3670.webp,02_web_ready/journey_cards_4x5/05_comeback_and_world_cup/kl-rahul-comeback-and-world-cup-3670-card.webp,,
3671,IMG_3671.JPG,05_comeback_and_world_cup,1200x675,gallery;journey,01_originals_renamed/05_comeback_and_world_cup/kl-rahul-comeback-and-world-cup-3671.jpg,02_web_ready/gallery/05_comeback_and_world_cup/kl-rahul-comeback-and-world-cup-3671.webp,02_web_ready/journey_cards_4x5/05_comeback_and_world_cup/kl-rahul-comeback-and-world-cup-3671-card.webp,,
3672,IMG_3672.JPG,05_comeback_and_world_cup,667x460,gallery;journey,01_originals_renamed/05_comeback_and_world_cup/kl-rahul-comeback-and-world-cup-3672.jpg,02_web_ready/gallery/05_comeback_and_world_cup/kl-rahul-comeback-and-world-cup-3672.webp,02_web_ready/journey_cards_4x5/05_comeback_and_world_cup/kl-rahul-comeback-and-world-cup-3672-card.webp,,
3673,IMG_3673.JPG,05_comeback_and_world_cup,480x640,gallery;journey,01_originals_renamed/05_comeback_and_world_cup/kl-rahul-comeback-and-world-cup-3673.jpg,02_web_ready/gallery/05_comeback_and_world_cup/kl-rahul-comeback-and-world-cup-3673.webp,02_web_ready/journey_cards_4x5/05_comeback_and_world_cup/kl-rahul-comeback-and-world-cup-3673-card.webp,,
3674,IMG_3674.JPG,05_comeback_and_world_cup,1600x900,gallery;journey;background-candidate,01_originals_renamed/05_comeback_and_world_cup/kl-rahul-comeback-and-world-cup-3674.jpg,02_web_ready/gallery/05_comeback_and_world_cup/kl-rahul-comeback-and-world-cup-3674.webp,02_web_ready/journey_cards_4x5/05_comeback_and_world_cup/kl-rahul-comeback-and-world-cup-3674-card.webp,,03_4k_background_candidates/kl-rahul-comeback-and-world-cup-3674-4k.webp
3675,IMG_3675.JPG,05_comeback_and_world_cup,320x427,gallery;journey,01_originals_renamed/05_comeback_and_world_cup/kl-rahul-comeback-and-world-cup-3675.jpg,02_web_ready/gallery/05_comeback_and_world_cup/kl-rahul-comeback-and-world-cup-3675.webp,02_web_ready/journey_cards_4x5/05_comeback_and_world_cup/kl-rahul-comeback-and-world-cup-3675-card.webp,,
3676,IMG_3676.JPG,05_comeback_and_world_cup,736x1308,gallery;journey;century-vault,01_originals_renamed/05_comeback_and_world_cup/kl-rahul-comeback-and-world-cup-3676.jpg,02_web_ready/gallery/05_comeback_and_world_cup/kl-rahul-comeback-and-world-cup-3676.webp,02_web_ready/journey_cards_4x5/05_comeback_and_world_cup/kl-rahul-comeback-and-world-cup-3676-card.webp,02_web_ready/century_vault_16x9/kl-rahul-comeback-and-world-cup-3676-century.webp,
3677,IMG_3677.WEBP,05_comeback_and_world_cup,4800x3161,gallery;journey;century-vault;background-candidate,01_originals_renamed/05_comeback_and_world_cup/kl-rahul-comeback-and-world-cup-3677.webp,02_web_ready/gallery/05_comeback_and_world_cup/kl-rahul-comeback-and-world-cup-3677.webp,02_web_ready/journey_cards_4x5/05_comeback_and_world_cup/kl-rahul-comeback-and-world-cup-3677-card.webp,02_web_ready/century_vault_16x9/kl-rahul-comeback-and-world-cup-3677-century.webp,03_4k_background_candidates/kl-rahul-comeback-and-world-cup-3677-4k.webp
3679,IMG_3679.jpg,05_comeback_and_world_cup,1011x677,gallery;journey,01_originals_renamed/05_comeback_and_world_cup/kl-rahul-comeback-and-world-cup-3679.jpg,02_web_ready/gallery/05_comeback_and_world_cup/kl-rahul-comeback-and-world-cup-3679.webp,02_web_ready/journey_cards_4x5/05_comeback_and_world_cup/kl-rahul-comeback-and-world-cup-3679-card.webp,,
3680,IMG_3680.JPG,05_comeback_and_world_cup,1280x720,gallery;journey,01_originals_renamed/05_comeback_and_world_cup/kl-rahul-comeback-and-world-cup-3680.jpg,02_web_ready/gallery/05_comeback_and_world_cup/kl-rahul-comeback-and-world-cup-3680.webp,02_web_ready/journey_cards_4x5/05_comeback_and_world_cup/kl-rahul-comeback-and-world-cup-3680-card.webp,,
3681,IMG_3681.JPG,06_current_chapter,1920x1298,gallery;journey;background-candidate,01_originals_renamed/06_current_chapter/kl-rahul-current-chapter-3681.jpg,02_web_ready/gallery/06_current_chapter/kl-rahul-current-chapter-3681.webp,02_web_ready/journey_cards_4x5/06_current_chapter/kl-rahul-current-chapter-3681-card.webp,,03_4k_background_candidates/kl-rahul-current-chapter-3681-4k.webp
3682,IMG_3682.JPG,06_current_chapter,1200x675,gallery;journey,01_originals_renamed/06_current_chapter/kl-rahul-current-chapter-3682.jpg,02_web_ready/gallery/06_current_chapter/kl-rahul-current-chapter-3682.webp,02_web_ready/journey_cards_4x5/06_current_chapter/kl-rahul-current-chapter-3682-card.webp,,
3683,IMG_3683.PNG,06_current_chapter,1600x900,gallery;journey;background-candidate,01_originals_renamed/06_current_chapter/kl-rahul-current-chapter-3683.png,02_web_ready/gallery/06_current_chapter/kl-rahul-current-chapter-3683.webp,02_web_ready/journey_cards_4x5/06_current_chapter/kl-rahul-current-chapter-3683-card.webp,,03_4k_background_candidates/kl-rahul-current-chapter-3683-4k.webp
3684,IMG_3684.JPG,06_current_chapter,4500x3001,gallery;journey;century-vault;background-candidate,01_originals_renamed/06_current_chapter/kl-rahul-current-chapter-3684.jpg,02_web_ready/gallery/06_current_chapter/kl-rahul-current-chapter-3684.webp,02_web_ready/journey_cards_4x5/06_current_chapter/kl-rahul-current-chapter-3684-card.webp,02_web_ready/century_vault_16x9/kl-rahul-current-chapter-3684-century.webp,03_4k_background_candidates/kl-rahul-current-chapter-3684-4k.webp
3685,IMG_3685.WEBP,06_current_chapter,960x640,gallery;journey,01_originals_renamed/06_current_chapter/kl-rahul-current-chapter-3685.webp,02_web_ready/gallery/06_current_chapter/kl-rahul-current-chapter-3685.webp,02_web_ready/journey_cards_4x5/06_current_chapter/kl-rahul-current-chapter-3685-card.webp,,
3686,IMG_3686.JPG,06_current_chapter,1279x720,gallery;journey,01_originals_renamed/06_current_chapter/kl-rahul-current-chapter-3686.jpg,02_web_ready/gallery/06_current_chapter/kl-rahul-current-chapter-3686.webp,02_web_ready/journey_cards_4x5/06_current_chapter/kl-rahul-current-chapter-3686-card.webp,,
3687,IMG_3687.JPG,06_current_chapter,512x598,gallery;journey,01_originals_renamed/06_current_chapter/kl-rahul-current-chapter-3687.jpg,02_web_ready/gallery/06_current_chapter/kl-rahul-current-chapter-3687.webp,02_web_ready/journey_cards_4x5/06_current_chapter/kl-rahul-current-chapter-3687-card.webp,,
3688,IMG_3688.JPG,06_current_chapter,670x458,gallery;journey;century-vault;background-candidate,01_originals_renamed/06_current_chapter/kl-rahul-current-chapter-3688.jpg,02_web_ready/gallery/06_current_chapter/kl-rahul-current-chapter-3688.webp,02_web_ready/journey_cards_4x5/06_current_chapter/kl-rahul-current-chapter-3688-card.webp,02_web_ready/century_vault_16x9/kl-rahul-current-chapter-3688-century.webp,03_4k_background_candidates/kl-rahul-current-chapter-3688-4k.webp
3689,IMG_3689.JPG,06_current_chapter,739x415,gallery;journey,01_originals_renamed/06_current_chapter/kl-rahul-current-chapter-3689.jpg,02_web_ready/gallery/06_current_chapter/kl-rahul-current-chapter-3689.webp,02_web_ready/journey_cards_4x5/06_current_chapter/kl-rahul-current-chapter-3689-card.webp,,
3690,IMG_3690.JPG,06_current_chapter,1200x738,gallery;journey;century-vault;background-candidate,01_originals_renamed/06_current_chapter/kl-rahul-current-chapter-3690.jpg,02_web_ready/gallery/06_current_chapter/kl-rahul-current-chapter-3690.webp,02_web_ready/journey_cards_4x5/06_current_chapter/kl-rahul-current-chapter-3690-card.webp,02_web_ready/century_vault_16x9/kl-rahul-current-chapter-3690-century.webp,03_4k_background_candidates/kl-rahul-current-chapter-3690-4k.webp
3691,IMG_3691.JPG,06_current_chapter,1200x800,gallery;journey;century-vault,01_originals_renamed/06_current_chapter/kl-rahul-current-chapter-3691.jpg,02_web_ready/gallery/06_current_chapter/kl-rahul-current-chapter-3691.webp,02_web_ready/journey_cards_4x5/06_current_chapter/kl-rahul-current-chapter-3691-card.webp,02_web_ready/century_vault_16x9/kl-rahul-current-chapter-3691-century.webp,
3692,IMG_3692.WEBP,06_current_chapter,900x600,gallery;journey,01_originals_renamed/06_current_chapter/kl-rahul-current-chapter-3692.webp,02_web_ready/gallery/06_current_chapter/kl-rahul-current-chapter-3692.webp,02_web_ready/journey_cards_4x5/06_current_chapter/kl-rahul-current-chapter-3692-card.webp,,
3693,IMG_3693.JPG,06_current_chapter,1600x900,gallery;journey;background-candidate,01_originals_renamed/06_current_chapter/kl-rahul-current-chapter-3693.jpg,02_web_ready/gallery/06_current_chapter/kl-rahul-current-chapter-3693.webp,02_web_ready/journey_cards_4x5/06_current_chapter/kl-rahul-current-chapter-3693-card.webp,,03_4k_background_candidates/kl-rahul-current-chapter-3693-4k.webp
3694,IMG_3694.JPG,06_current_chapter,480x640,gallery;journey;century-vault,01_originals_renamed/06_current_chapter/kl-rahul-current-chapter-3694.jpg,02_web_ready/gallery/06_current_chapter/kl-rahul-current-chapter-3694.webp,02_web_ready/journey_cards_4x5/06_current_chapter/kl-rahul-current-chapter-3694-card.webp,02_web_ready/century_vault_16x9/kl-rahul-current-chapter-3694-century.webp,
3695,IMG_3695.JPG,06_current_chapter,1080x2205,gallery;journey,01_originals_renamed/06_current_chapter/kl-rahul-current-chapter-3695.jpg,02_web_ready/gallery/06_current_chapter/kl-rahul-current-chapter-3695.webp,02_web_ready/journey_cards_4x5/06_current_chapter/kl-rahul-current-chapter-3695-card.webp,,
3696,IMG_3696.JPG,06_current_chapter,1200x675,gallery;journey,01_originals_renamed/06_current_chapter/kl-rahul-current-chapter-3696.jpg,02_web_ready/gallery/06_current_chapter/kl-rahul-current-chapter-3696.webp,02_web_ready/journey_cards_4x5/06_current_chapter/kl-rahul-current-chapter-3696-card.webp,,
3697,IMG_3697.JPG,06_current_chapter,1280x720,gallery;journey;background-candidate,01_originals_renamed/06_current_chapter/kl-rahul-current-chapter-3697.jpg,02_web_ready/gallery/06_current_chapter/kl-rahul-current-chapter-3697.webp,02_web_ready/journey_cards_4x5/06_current_chapter/kl-rahul-current-chapter-3697-card.webp,,03_4k_background_candidates/kl-rahul-current-chapter-3697-4k.webp
3698,IMG_3698.JPG,06_current_chapter,1600x900,gallery;journey;century-vault;background-candidate,01_originals_renamed/06_current_chapter/kl-rahul-current-chapter-3698.jpg,02_web_ready/gallery/06_current_chapter/kl-rahul-current-chapter-3698.webp,02_web_ready/journey_cards_4x5/06_current_chapter/kl-rahul-current-chapter-3698-card.webp,02_web_ready/century_vault_16x9/kl-rahul-current-chapter-3698-century.webp,03_4k_background_candidates/kl-rahul-current-chapter-3698-4k.webp
3699,IMG_3699.JPG,06_current_chapter,800x450,gallery;journey;century-vault,01_originals_renamed/06_current_chapter/kl-rahul-current-chapter-3699.jpg,02_web_ready/gallery/06_current_chapter/kl-rahul-current-chapter-3699.webp,02_web_ready/journey_cards_4x5/06_current_chapter/kl-rahul-current-chapter-3699-card.webp,02_web_ready/century_vault_16x9/kl-rahul-current-chapter-3699-century.webp,
3700,IMG_3700.JPG,06_current_chapter,1600x900,gallery;journey;century-vault;background-candidate,01_originals_renamed/06_current_chapter/kl-rahul-current-chapter-3700.jpg,02_web_ready/gallery/06_current_chapter/kl-rahul-current-chapter-3700.webp,02_web_ready/journey_cards_4x5/06_current_chapter/kl-rahul-current-chapter-3700-card.webp,02_web_ready/century_vault_16x9/kl-rahul-current-chapter-3700-century.webp,03_4k_background_candidates/kl-rahul-current-chapter-3700-4k.webp
