id,originalFilename,currentPath,collectionSource,team,format,franchise,approximateYearEra,eventOrMatch,eventVerified,galleryCategories,suitableWebsitePlacements,mustNotUseFor,verificationConfidence,width,height,sourcePath
"supplemental-04","118947152.avif","/images/rahul/verified/04-champions-trophy-2025-trophy.webp","supplemental-41","India","ODI","","Champions Trophy 2025 victory","Champions Trophy 2025 victory","true","International | ODI | Centuries/Celebrations","Journey Champions Trophy victory | closing feature | Gallery International/Trophies","Do not use for T20 World Cup","exact event verified","1280","720","_verified_image_pack/KL_Rahul_Verified_Image_Pack/02_enhanced_web/04-champions-trophy-2025-trophy.webp"
"original-pack-3627","kl-rahul-early-career-3627.jpg","/images/rahul/archive/gallery/01_early_career/kl-rahul-early-career-3627.webp","original-119","India","Test","","2010–2016 · domestic foundations and early Tests","Unverified — era-level photograph","false","International | Test | Centuries/Celebrations | Domestic/Early Career","Gallery","Do not use for ODI, T20I or IPL stories | Do not attach to an exact match or innings without independent verification","team/format/era verified","900","506","_asset_pack/KL_Rahul_Codex_Asset_Pack/01_originals_renamed/01_early_career/kl-rahul-early-career-3627.jpg"
"original-pack-3654","kl-rahul-captaincy-and-lsg-3654.jpg","/images/rahul/archive/gallery/04_captaincy_and_lsg/kl-rahul-captaincy-and-lsg-3654.webp","original-119","","IPL","Punjab Kings","2020–2023 · franchise leadership","Unverified — era-level photograph","false","IPL | Punjab Kings","Gallery","Do not use for another IPL franchise or an India match | Do not attach to an exact match or innings without independent verification","team/format/era verified","739","415","_asset_pack/KL_Rahul_Codex_Asset_Pack/01_originals_renamed/04_captaincy_and_lsg/kl-rahul-captaincy-and-lsg-3654.jpg"
"supplemental-14","89d54ab4a5f8ec43543c1e71626492b8.jpg","/images/rahul/verified/14-off-field-formal-suit.webp","supplemental-41","","","","Off-field formal appearance","Unverified — era/team/format context only","false","Off Field","Gallery Off Field | editorial interlude","Never use for cricket achievement","content verified","828","1022","_verified_image_pack/KL_Rahul_Verified_Image_Pack/02_enhanced_web/14-off-field-formal-suit.webp"
"original-pack-3674","kl-rahul-comeback-and-world-cup-3674.jpg","/images/rahul/archive/gallery/05_comeback_and_world_cup/kl-rahul-comeback-and-world-cup-3674.webp","original-119","India","ODI","","2023 · comeback and World Cup","Unverified — era-level photograph","false","International | ODI | Wicketkeeping","Gallery","Do not use for Test or IPL stories | Do not attach to an exact match or innings without independent verification","team/format/era verified","1600","900","_asset_pack/KL_Rahul_Codex_Asset_Pack/01_originals_renamed/05_comeback_and_world_cup/kl-rahul-comeback-and-world-cup-3674.jpg"
"supplemental-30","e61a8ac16f094910375284e1c2403969.jpg","/images/rahul/verified/30-karnataka-domestic-trophies.webp","supplemental-41","Karnataka","Domestic","","Karnataka domestic foundations","Unverified — era/team/format context only","false","Domestic/Early Career | Centuries/Celebrations","Journey Stage 01 Karnataka | Gallery Domestic/Early Career","Do not use for India senior trophy","content verified","828","814","_verified_image_pack/KL_Rahul_Verified_Image_Pack/02_enhanced_web/30-karnataka-domestic-trophies.webp"
"original-pack-3664","kl-rahul-captaincy-and-lsg-3664.jpg","/images/rahul/archive/gallery/04_captaincy_and_lsg/kl-rahul-captaincy-and-lsg-3664.webp","original-119","","IPL","LSG","2020–2023 · franchise leadership","Unverified — era-level photograph","false","IPL | LSG","Gallery","Do not use for another IPL franchise or an India match | Do not attach to an exact match or innings without independent verification","team/format/era verified","1296","729","_asset_pack/KL_Rahul_Codex_Asset_Pack/01_originals_renamed/04_captaincy_and_lsg/kl-rahul-captaincy-and-lsg-3664.jpg"
"supplemental-36","kl-rahul-rahul-dravid-asia-cup-2023-india-vs-pakistan-kl-rahul-century-kl-rahul-interview-shr_7012408614a2c61de841e198c3fc87ec.webp","/images/rahul/verified/36-asia-cup-2023-pakistan-111.webp","supplemental-41","India","ODI","","India vs Pakistan, Asia Cup 2023, 111*","India vs Pakistan, Asia Cup 2023, 111*","true","International | ODI","Journey comeback | Century Vault | Gallery ODI/Centuries","Correct dedicated image for 111* comeback","exact event verified","1920","1080","_verified_image_pack/KL_Rahul_Verified_Image_Pack/02_enhanced_web/36-asia-cup-2023-pakistan-111.webp"
"original-pack-3687","kl-rahul-current-chapter-3687.jpg","/images/rahul/archive/gallery/06_current_chapter/kl-rahul-current-chapter-3687.webp","original-119","","IPL","Delhi Capitals","2024–present · current chapter","Unverified — era-level photograph","false","IPL | Delhi Capitals | Centuries/Celebrations","Gallery","Do not use for another IPL franchise or an India match | Do not attach to an exact match or innings without independent verification","team/format/era verified","512","598","_asset_pack/KL_Rahul_Codex_Asset_Pack/01_originals_renamed/06_current_chapter/kl-rahul-current-chapter-3687.jpg"
"supplemental-35","india's-kl-rahul-is-bowled-out-by-pakistan's-shaheen-shah-afridi.jpg","/images/rahul/verified/35-t20-world-cup-2021-shaheen-dismissal.webp","supplemental-41","India","T20I","","India vs Pakistan, T20 World Cup 2021","India vs Pakistan, T20 World Cup 2021","true","International | T20I","Journey difficult 2021 T20WC | Gallery T20I","Do not use for 2022 World Cup","exact event verified","700","420","_verified_image_pack/KL_Rahul_Verified_Image_Pack/02_enhanced_web/35-t20-world-cup-2021-shaheen-dismissal.webp"
"original-old-01","1f65a1f37eaae9d258f8ad662632b0c4.jpg","/images/rahul/combined/original-collection/old-01-1f65a1f37eaae9d258f8ad662632b0c4.webp","original-119","","","","23 January 2023 · wedding in Khandala","Marriage to Athiya Shetty · Khandala · 23 January 2023","true","Off Field","Journey wedding chapter | Gallery Off Field","Do not use for a cricket match, tournament or sporting milestone","exact wedding context verified","736","1308","USEABLE IMAGES/1f65a1f37eaae9d258f8ad662632b0c4.jpg"
"original-old-02","42c89b9ddd8845c62f19f48951dd9ec6.jpg","/images/rahul/combined/original-collection/old-02-42c89b9ddd8845c62f19f48951dd9ec6.webp","original-119","","","","Mixed archive · exact period not supplied","Unverified — visual context only","false","Off Field","Gallery","Do not attach to an exact match or innings without independent verification","team/format/era verified","736","981","USEABLE IMAGES/42c89b9ddd8845c62f19f48951dd9ec6.jpg"
"original-old-03","53661033ce99a0b5fbad5604d58540fb.jpg","/images/rahul/combined/original-collection/old-03-53661033ce99a0b5fbad5604d58540fb.webp","original-119","","","","Mixed archive · exact period not supplied","Unverified — visual context only","false","Off Field","Gallery","Do not attach to an exact match or innings without independent verification","team/format/era verified","736","901","USEABLE IMAGES/53661033ce99a0b5fbad5604d58540fb.jpg"
"original-old-04","64e66dfd4d7fecb8f7eca85270c858d2.jpg","/images/rahul/combined/original-collection/old-04-64e66dfd4d7fecb8f7eca85270c858d2.webp","original-119","India","","","Mixed archive · exact period not supplied","Unverified — visual context only","false","Off Field","Gallery","Do not attach to an exact match or innings without independent verification","team/format/era verified","736","1307","USEABLE IMAGES/64e66dfd4d7fecb8f7eca85270c858d2.jpg"
"original-old-05","6c7739ab919b19dd7b77d54496649dcd.jpg","/images/rahul/combined/original-collection/old-05-6c7739ab919b19dd7b77d54496649dcd.webp","original-119","","","","Mixed archive · exact period not supplied","Unverified — visual context only","false","Off Field","Gallery","Do not attach to an exact match or innings without independent verification","team/format/era verified","736","1307","USEABLE IMAGES/6c7739ab919b19dd7b77d54496649dcd.jpg"
"original-old-06","901e2fabea29f2b651c1b256c767066e.jpg","/images/rahul/combined/original-collection/old-06-901e2fabea29f2b651c1b256c767066e.webp","original-119","","","","Mixed archive · exact period not supplied","Unverified — visual context only","false","Off Field","Gallery","Do not attach to an exact match or innings without independent verification","team/format/era verified","750","923","USEABLE IMAGES/901e2fabea29f2b651c1b256c767066e.jpg"
"original-old-07","9319fba70095d5f4a228f4428a6edefc.jpg","/images/rahul/combined/original-collection/old-07-9319fba70095d5f4a228f4428a6edefc.webp","original-119","","","","Mixed archive · exact period not supplied","Unverified — visual context only","false","Off Field","Gallery","Do not attach to an exact match or innings without independent verification","team/format/era verified","735","1033","USEABLE IMAGES/9319fba70095d5f4a228f4428a6edefc.jpg"
"original-old-08","940fab59829584aec58b465b569319f4.jpg","/images/rahul/combined/original-collection/old-08-940fab59829584aec58b465b569319f4.webp","original-119","India","Test","","Mixed archive · exact period not supplied","Unverified — visual context only","false","International | Test","Gallery","Do not use for ODI, T20I or IPL stories | Do not attach to an exact match or innings without independent verification","team/format/era verified","736","1308","USEABLE IMAGES/940fab59829584aec58b465b569319f4.jpg"
"original-old-09","9c3f93a6fd25993c8ece7c217ed6b9e0.jpg","/images/rahul/combined/original-collection/old-09-9c3f93a6fd25993c8ece7c217ed6b9e0.webp","original-119","India","International limited overs","","Mixed archive · exact period not supplied","Unverified — visual context only","false","International | Centuries/Celebrations","Gallery","Do not use for Test or IPL stories | Do not attach to an exact match or innings without independent verification","team/format/era verified","735","1103","USEABLE IMAGES/9c3f93a6fd25993c8ece7c217ed6b9e0.jpg"
"original-old-10","a08d5415d30cd7ad94956efd784d8f7d.jpg","/images/rahul/combined/original-collection/old-10-a08d5415d30cd7ad94956efd784d8f7d.webp","original-119","","","","Mixed archive · exact period not supplied","Unverified — visual context only","false","Off Field","Gallery","Do not attach to an exact match or innings without independent verification","team/format/era verified","1080","1439","USEABLE IMAGES/a08d5415d30cd7ad94956efd784d8f7d.jpg"
"original-old-11","a17cbead54dbb4a4a6946eb6bf80de1f.jpg","/images/rahul/combined/original-collection/old-11-a17cbead54dbb4a4a6946eb6bf80de1f.webp","original-119","India","Test","","Mixed archive · exact period not supplied","Unverified — visual context only","false","International | Test","Gallery","Do not use for ODI, T20I or IPL stories | Do not attach to an exact match or innings without independent verification","team/format/era verified","736","1308","USEABLE IMAGES/a17cbead54dbb4a4a6946eb6bf80de1f.jpg"
"original-old-12","a9926b2f63597bb95235f5a5ae27f151.jpg","/images/rahul/combined/original-collection/old-12-a9926b2f63597bb95235f5a5ae27f151.webp","original-119","","","","Mixed archive · exact period not supplied","Unverified — visual context only","false","Off Field","Gallery","Do not attach to an exact match or innings without independent verification","team/format/era verified","735","892","USEABLE IMAGES/a9926b2f63597bb95235f5a5ae27f151.jpg"
"original-old-13","ac505ad3b8fc65fa5b81673e903cd6fe.jpg","/images/rahul/combined/original-collection/old-13-ac505ad3b8fc65fa5b81673e903cd6fe.webp","original-119","India","International limited overs","","Mixed archive · exact period not supplied","Unverified — visual context only","false","International | Centuries/Celebrations","Gallery","Do not use for Test or IPL stories | Do not attach to an exact match or innings without independent verification","team/format/era verified","720","1104","USEABLE IMAGES/ac505ad3b8fc65fa5b81673e903cd6fe.jpg"
"original-old-15","download.png","/images/rahul/combined/original-collection/old-15-download.webp","original-119","India","Test | IPL","Delhi Capitals","Mixed archive · exact period not supplied","Unverified — visual context only","false","International | Test | IPL | Delhi Capitals | Centuries/Celebrations","Gallery","Do not use for another IPL franchise or an India match | Do not use for ODI, T20I or IPL stories | Do not attach to an exact match or innings without independent verification","team/format/era verified","1152","2048","USEABLE IMAGES/download.png"
"original-old-16","download.webp","/images/rahul/combined/original-collection/old-16-download.webp","original-119","","IPL","Delhi Capitals","Mixed archive · exact period not supplied","Unverified — visual context only","false","IPL | Delhi Capitals","Gallery","Do not use for another IPL franchise or an India match | Do not attach to an exact match or innings without independent verification","team/format/era verified","429","241","USEABLE IMAGES/download.webp"
"original-old-17","f03bbc8d879065bdf89957e2b87d6882.jpg","/images/rahul/combined/original-collection/old-17-f03bbc8d879065bdf89957e2b87d6882.webp","original-119","","IPL","Delhi Capitals","Mixed archive · exact period not supplied","Unverified — visual context only","false","IPL | Delhi Capitals | Off Field","Gallery","Do not use for another IPL franchise or an India match | Do not attach to an exact match or innings without independent verification","team/format/era verified","736","981","USEABLE IMAGES/f03bbc8d879065bdf89957e2b87d6882.jpg"
"original-old-18","f8344e59a302c072f2169e9ac51f1ad4.jpg","/images/rahul/combined/original-collection/old-18-f8344e59a302c072f2169e9ac51f1ad4.webp","original-119","","","","Mixed archive · exact period not supplied","Unverified — visual context only","false","Off Field","Gallery","Do not attach to an exact match or innings without independent verification","team/format/era verified","736","769","USEABLE IMAGES/f8344e59a302c072f2169e9ac51f1ad4.jpg"
"original-old-19","f93486a9be415c7904fc434d7f4d3cc3.jpg","/images/rahul/combined/original-collection/old-19-f93486a9be415c7904fc434d7f4d3cc3.webp","original-119","","IPL","RCB | Delhi Capitals","Mixed archive · exact period not supplied","Unverified — visual context only","false","IPL | RCB | Delhi Capitals","Gallery","Do not use for another IPL franchise or an India match | Do not attach to an exact match or innings without independent verification","team/format/era verified","736","887","USEABLE IMAGES/f93486a9be415c7904fc434d7f4d3cc3.jpg"
"original-old-20","fcc80057e298a9f6ab13f6c42a37c4dc.jpg","/images/rahul/combined/original-collection/old-20-fcc80057e298a9f6ab13f6c42a37c4dc.webp","original-119","India","ODI","","Mixed archive · exact period not supplied","Unverified — visual context only","false","International | ODI","Gallery","Do not use for Test or IPL stories | Do not attach to an exact match or innings without independent verification","team/format/era verified","736","1308","USEABLE IMAGES/fcc80057e298a9f6ab13f6c42a37c4dc.jpg"
"original-old-21","fe2424c87ce180fb53c4ac07e0e007f2.jpg","/images/rahul/combined/original-collection/old-21-fe2424c87ce180fb53c4ac07e0e007f2.webp","original-119","","IPL","Delhi Capitals","Mixed archive · exact period not supplied","Unverified — visual context only","false","IPL | Delhi Capitals","Gallery","Do not use for another IPL franchise or an India match | Do not attach to an exact match or innings without independent verification","team/format/era verified","736","981","USEABLE IMAGES/fe2424c87ce180fb53c4ac07e0e007f2.jpg"
"original-old-22","OIP (1).webp","/images/rahul/combined/original-collection/old-22-oip-1.webp","original-119","India","ODI","","Mixed archive · exact period not supplied","Unverified — visual context only","false","International | ODI","Gallery","Do not use for Test or IPL stories | Do not attach to an exact match or innings without independent verification","team/format/era verified","367","234","USEABLE IMAGES/OIP (1).webp"
"original-old-23","OIP (10).webp","/images/rahul/combined/original-collection/old-23-oip-10.webp","original-119","","IPL","Punjab Kings","Mixed archive · exact period not supplied","Unverified — visual context only","false","IPL | Punjab Kings","Gallery","Do not use for another IPL franchise or an India match | Do not attach to an exact match or innings without independent verification","team/format/era verified","170","243","USEABLE IMAGES/OIP (10).webp"
"original-old-24","OIP (11).webp","/images/rahul/combined/original-collection/old-24-oip-11.webp","original-119","","IPL","LSG","Mixed archive · exact period not supplied","Unverified — visual context only","false","IPL | LSG","Gallery","Do not use for another IPL franchise or an India match | Do not attach to an exact match or innings without independent verification","team/format/era verified","171","234","USEABLE IMAGES/OIP (11).webp"
"original-old-25","OIP (12).webp","/images/rahul/combined/original-collection/old-25-oip-12.webp","original-119","India","International limited overs","","Mixed archive · exact period not supplied","Unverified — visual context only","false","International | Centuries/Celebrations","Gallery","Do not use for Test or IPL stories | Do not attach to an exact match or innings without independent verification","team/format/era verified","288","234","USEABLE IMAGES/OIP (12).webp"
"original-old-26","OIP (13).webp","/images/rahul/combined/original-collection/old-26-oip-13.webp","original-119","India","International","","Mixed archive · exact period not supplied","Unverified — visual context only","false","International | Domestic/Early Career","Gallery","Do not attach to an exact match or innings without independent verification","team/format/era verified","171","234","USEABLE IMAGES/OIP (13).webp"
"original-old-27","OIP (14).webp","/images/rahul/combined/original-collection/old-27-oip-14.webp","original-119","","IPL","RCB","Mixed archive · exact period not supplied","Unverified — visual context only","false","IPL | RCB | Domestic/Early Career","Gallery","Do not use for another IPL franchise or an India match | Do not attach to an exact match or innings without independent verification","team/format/era verified","215","234","USEABLE IMAGES/OIP (14).webp"
"original-old-28","OIP (15).webp","/images/rahul/combined/original-collection/old-28-oip-15.webp","original-119","Karnataka","Domestic","","Mixed archive · exact period not supplied","Unverified — visual context only","false","Domestic/Early Career","Gallery","Do not use for an India or IPL match claim | Do not attach to an exact match or innings without independent verification","team/format/era verified","378","234","USEABLE IMAGES/OIP (15).webp"
"original-old-29","OIP (16).webp","/images/rahul/combined/original-collection/old-29-oip-16.webp","original-119","","","","Mixed archive · exact period not supplied","Unverified — visual context only","false","Off Field","Gallery","Do not attach to an exact match or innings without independent verification","team/format/era verified","393","234","USEABLE IMAGES/OIP (16).webp"
"original-old-30","OIP (17).webp","/images/rahul/combined/original-collection/old-30-oip-17.webp","original-119","India","T20I","","Mixed archive · exact period not supplied","Unverified — visual context only","false","International | T20I","Gallery","Do not use for Test, ODI or IPL stories | Do not attach to an exact match or innings without independent verification","team/format/era verified","417","234","USEABLE IMAGES/OIP (17).webp"
"original-old-31","OIP (2).webp","/images/rahul/combined/original-collection/old-31-oip-2.webp","original-119","India","Test","","Mixed archive · exact period not supplied","Unverified — visual context only","false","International | Test | Off Field","Gallery","Do not use for ODI, T20I or IPL stories | Do not attach to an exact match or innings without independent verification","team/format/era verified","358","234","USEABLE IMAGES/OIP (2).webp"
"original-old-32","OIP (3).webp","/images/rahul/combined/original-collection/old-32-oip-3.webp","original-119","India","Test","","Mixed archive · exact period not supplied","Unverified — visual context only","false","International | Test","Gallery","Do not use for ODI, T20I or IPL stories | Do not attach to an exact match or innings without independent verification","team/format/era verified","430","241","USEABLE IMAGES/OIP (3).webp"
"original-old-33","OIP (4).webp","/images/rahul/combined/original-collection/old-33-oip-4.webp","original-119","India","International","","Mixed archive · exact period not supplied","Unverified — visual context only","false","International | Off Field","Gallery","Do not attach to an exact match or innings without independent verification","team/format/era verified","388","241","USEABLE IMAGES/OIP (4).webp"
"original-old-34","OIP (5).webp","/images/rahul/combined/original-collection/old-34-oip-5.webp","original-119","","IPL","LSG","Mixed archive · exact period not supplied","Unverified — visual context only","false","IPL | LSG","Gallery","Do not use for another IPL franchise or an India match | Do not attach to an exact match or innings without independent verification","team/format/era verified","396","234","USEABLE IMAGES/OIP (5).webp"
"original-old-35","OIP (6).webp","/images/rahul/combined/original-collection/old-35-oip-6.webp","original-119","India","ODI","","Mixed archive · exact period not supplied","Unverified — visual context only","false","International | ODI","Gallery","Do not use for Test or IPL stories | Do not attach to an exact match or innings without independent verification","team/format/era verified","301","234","USEABLE IMAGES/OIP (6).webp"
"original-old-36","OIP (7).webp","/images/rahul/combined/original-collection/old-36-oip-7.webp","original-119","India","International limited overs","","Mixed archive · exact period not supplied","Unverified — visual context only","false","International | Centuries/Celebrations","Gallery","Do not use for Test or IPL stories | Do not attach to an exact match or innings without independent verification","team/format/era verified","377","235","USEABLE IMAGES/OIP (7).webp"
"original-old-37","OIP (8).webp","/images/rahul/combined/original-collection/old-37-oip-8.webp","original-119","","","","Mixed archive · exact period not supplied","Unverified — visual context only","false","Off Field","Gallery","Do not attach to an exact match or innings without independent verification","team/format/era verified","171","234","USEABLE IMAGES/OIP (8).webp"
"original-old-39","OIP.webp","/images/rahul/combined/original-collection/old-39-oip.webp","original-119","India","Test","","Mixed archive · exact period not supplied","Unverified — visual context only","false","International | Test | Centuries/Celebrations","Gallery","Do not use for ODI, T20I or IPL stories | Do not attach to an exact match or innings without independent verification","team/format/era verified","315","234","USEABLE IMAGES/OIP.webp"
"original-old-40","th.webp","/images/rahul/combined/original-collection/old-40-th.webp","original-119","India","Test","","Mixed archive · exact period not supplied","Unverified — visual context only","false","International | Test | Centuries/Celebrations","Gallery","Do not use for ODI, T20I or IPL stories | Do not attach to an exact match or innings without independent verification","team/format/era verified","156","156","USEABLE IMAGES/th.webp"
"original-pack-3621","kl-rahul-early-career-3621.jpg","/images/rahul/archive/gallery/01_early_career/kl-rahul-early-career-3621.webp","original-119","Karnataka","Domestic","","2010–2016 · domestic foundations and early Tests","Unverified — era-level photograph","false","Domestic/Early Career | Centuries/Celebrations","Gallery","Do not use for an India or IPL match claim | Do not attach to an exact match or innings without independent verification","team/format/era verified","600","450","_asset_pack/KL_Rahul_Codex_Asset_Pack/01_originals_renamed/01_early_career/kl-rahul-early-career-3621.jpg"
"original-pack-3622","kl-rahul-early-career-3622.jpg","/images/rahul/archive/gallery/01_early_career/kl-rahul-early-career-3622.webp","original-119","Karnataka","Domestic","","2010–2016 · domestic foundations and early Tests","Unverified — era-level photograph","false","Domestic/Early Career | Centuries/Celebrations","Gallery","Do not use for an India or IPL match claim | Do not attach to an exact match or innings without independent verification","team/format/era verified","960","1598","_asset_pack/KL_Rahul_Codex_Asset_Pack/01_originals_renamed/01_early_career/kl-rahul-early-career-3622.jpg"
"original-pack-3623","kl-rahul-early-career-3623.jpg","/images/rahul/archive/gallery/01_early_career/kl-rahul-early-career-3623.webp","original-119","Karnataka","Domestic","","2010–2016 · domestic foundations and early Tests","Unverified — era-level photograph","false","Domestic/Early Career | Centuries/Celebrations","Gallery","Do not use for an India or IPL match claim | Do not attach to an exact match or innings without independent verification","team/format/era verified","900","506","_asset_pack/KL_Rahul_Codex_Asset_Pack/01_originals_renamed/01_early_career/kl-rahul-early-career-3623.jpg"
"original-pack-3624","kl-rahul-early-career-3624.jpg","/images/rahul/archive/gallery/01_early_career/kl-rahul-early-career-3624.webp","original-119","Karnataka","Domestic","","2010–2016 · domestic foundations and early Tests","Unverified — era-level photograph","false","Domestic/Early Career","Gallery","Do not use for an India or IPL match claim | Do not attach to an exact match or innings without independent verification","team/format/era verified","320","214","_asset_pack/KL_Rahul_Codex_Asset_Pack/01_originals_renamed/01_early_career/kl-rahul-early-career-3624.jpg"
"original-pack-3625","kl-rahul-early-career-3625.jpg","/images/rahul/archive/gallery/01_early_career/kl-rahul-early-career-3625.webp","original-119","Karnataka","Domestic","","2010–2016 · domestic foundations and early Tests","Unverified — era-level photograph","false","Domestic/Early Career | Centuries/Celebrations","Gallery","Do not use for an India or IPL match claim | Do not attach to an exact match or innings without independent verification","team/format/era verified","960","682","_asset_pack/KL_Rahul_Codex_Asset_Pack/01_originals_renamed/01_early_career/kl-rahul-early-career-3625.jpg"
"original-pack-3626","kl-rahul-early-career-3626.jpg","/images/rahul/archive/gallery/01_early_career/kl-rahul-early-career-3626.webp","original-119","Karnataka","Domestic","","2010–2016 · domestic foundations and early Tests","Unverified — era-level photograph","false","Domestic/Early Career","Gallery","Do not use for an India or IPL match claim | Do not attach to an exact match or innings without independent verification","team/format/era verified","600","450","_asset_pack/KL_Rahul_Codex_Asset_Pack/01_originals_renamed/01_early_career/kl-rahul-early-career-3626.jpg"
"original-pack-3628","kl-rahul-early-career-3628.jpg","/images/rahul/archive/gallery/01_early_career/kl-rahul-early-career-3628.webp","original-119","India","Test","","2010–2016 · domestic foundations and early Tests","Unverified — era-level photograph","false","International | Test | Centuries/Celebrations | Domestic/Early Career","Gallery","Do not use for ODI, T20I or IPL stories | Do not attach to an exact match or innings without independent verification","team/format/era verified","490","626","_asset_pack/KL_Rahul_Codex_Asset_Pack/01_originals_renamed/01_early_career/kl-rahul-early-career-3628.jpg"
"original-pack-3629","kl-rahul-early-career-3629.jpg","/images/rahul/archive/gallery/01_early_career/kl-rahul-early-career-3629.webp","original-119","India","Test","","2010–2016 · domestic foundations and early Tests","Unverified — era-level photograph","false","International | Test | Domestic/Early Career","Gallery","Do not use for ODI, T20I or IPL stories | Do not attach to an exact match or innings without independent verification","team/format/era verified","628","355","_asset_pack/KL_Rahul_Codex_Asset_Pack/01_originals_renamed/01_early_career/kl-rahul-early-career-3629.jpg"
"original-pack-3630","kl-rahul-early-career-3630.jpg","/images/rahul/archive/gallery/01_early_career/kl-rahul-early-career-3630.webp","original-119","India","Test","","2010–2016 · domestic foundations and early Tests","Unverified — era-level photograph","false","International | Test | Centuries/Celebrations | Domestic/Early Career","Gallery","Do not use for ODI, T20I or IPL stories | Do not attach to an exact match or innings without independent verification","team/format/era verified","900","646","_asset_pack/KL_Rahul_Codex_Asset_Pack/01_originals_renamed/01_early_career/kl-rahul-early-career-3630.jpg"
"original-pack-3631","kl-rahul-india-breakthrough-3631.jpg","/images/rahul/archive/gallery/02_india_breakthrough/kl-rahul-india-breakthrough-3631.webp","original-119","India","ODI","","2014–2017 · India breakthrough","Unverified — era-level photograph","false","International | ODI","Gallery","Do not use for Test or IPL stories | Do not attach to an exact match or innings without independent verification","team/format/era verified","427","718","_asset_pack/KL_Rahul_Codex_Asset_Pack/01_originals_renamed/02_india_breakthrough/kl-rahul-india-breakthrough-3631.jpg"
"original-pack-3632","kl-rahul-india-breakthrough-3632.jpg","/images/rahul/archive/gallery/02_india_breakthrough/kl-rahul-india-breakthrough-3632.webp","original-119","India","ODI","","2014–2017 · India breakthrough","Unverified — era-level photograph","false","International | ODI","Gallery","Do not use for Test or IPL stories | Do not attach to an exact match or innings without independent verification","team/format/era verified","495","619","_asset_pack/KL_Rahul_Codex_Asset_Pack/01_originals_renamed/02_india_breakthrough/kl-rahul-india-breakthrough-3632.jpg"
"original-pack-3633","kl-rahul-india-breakthrough-3633.jpg","/images/rahul/archive/gallery/02_india_breakthrough/kl-rahul-india-breakthrough-3633.webp","original-119","India","Test","","2014–2017 · India breakthrough","Unverified — era-level photograph","false","International | Test | Centuries/Celebrations","Gallery","Do not use for ODI, T20I or IPL stories | Do not attach to an exact match or innings without independent verification","team/format/era verified","350","441","_asset_pack/KL_Rahul_Codex_Asset_Pack/01_originals_renamed/02_india_breakthrough/kl-rahul-india-breakthrough-3633.jpg"
"original-pack-3634","kl-rahul-india-breakthrough-3634.jpg","/images/rahul/archive/gallery/02_india_breakthrough/kl-rahul-india-breakthrough-3634.webp","original-119","India","ODI","","2014–2017 · India breakthrough","Unverified — era-level photograph","false","International | ODI","Gallery","Do not use for Test or IPL stories | Do not attach to an exact match or innings without independent verification","team/format/era verified","806","605","_asset_pack/KL_Rahul_Codex_Asset_Pack/01_originals_renamed/02_india_breakthrough/kl-rahul-india-breakthrough-3634.jpg"
"original-pack-3635","kl-rahul-india-breakthrough-3635.jpg","/images/rahul/archive/gallery/02_india_breakthrough/kl-rahul-india-breakthrough-3635.webp","original-119","India","T20I","","2014–2017 · India breakthrough","Unverified — era-level photograph","false","International | T20I | Centuries/Celebrations","Gallery","Do not use for Test, ODI or IPL stories | Do not attach to an exact match or innings without independent verification","team/format/era verified","686","386","_asset_pack/KL_Rahul_Codex_Asset_Pack/01_originals_renamed/02_india_breakthrough/kl-rahul-india-breakthrough-3635.jpg"
"original-pack-3636","kl-rahul-india-breakthrough-3636.jpg","/images/rahul/archive/gallery/02_india_breakthrough/kl-rahul-india-breakthrough-3636.webp","original-119","","IPL","RCB","2014–2017 · India breakthrough","Unverified — era-level photograph","false","IPL | RCB","Gallery","Do not use for another IPL franchise or an India match | Do not attach to an exact match or innings without independent verification","team/format/era verified","900","585","_asset_pack/KL_Rahul_Codex_Asset_Pack/01_originals_renamed/02_india_breakthrough/kl-rahul-india-breakthrough-3636.jpg"
"original-pack-3637","kl-rahul-india-breakthrough-3637.jpg","/images/rahul/archive/gallery/02_india_breakthrough/kl-rahul-india-breakthrough-3637.webp","original-119","","IPL","RCB","2014–2017 · India breakthrough","Unverified — era-level photograph","false","IPL | RCB | Off Field","Gallery","Do not use for another IPL franchise or an India match | Do not attach to an exact match or innings without independent verification","team/format/era verified","447","447","_asset_pack/KL_Rahul_Codex_Asset_Pack/01_originals_renamed/02_india_breakthrough/kl-rahul-india-breakthrough-3637.jpg"
"original-pack-3638","kl-rahul-india-breakthrough-3638.jpg","/images/rahul/archive/gallery/02_india_breakthrough/kl-rahul-india-breakthrough-3638.webp","original-119","India","Test","","2014–2017 · India breakthrough","Unverified — era-level photograph","false","International | Test","Gallery","Do not use for ODI, T20I or IPL stories | Do not attach to an exact match or innings without independent verification","team/format/era verified","800","572","_asset_pack/KL_Rahul_Codex_Asset_Pack/01_originals_renamed/02_india_breakthrough/kl-rahul-india-breakthrough-3638.jpg"
"original-pack-3639","kl-rahul-india-breakthrough-3639.jpg","/images/rahul/archive/gallery/02_india_breakthrough/kl-rahul-india-breakthrough-3639.webp","original-119","India","International limited overs","","2014–2017 · India breakthrough","Unverified — era-level photograph","false","International | Off Field","Gallery","Do not use for Test or IPL stories | Do not attach to an exact match or innings without independent verification","team/format/era verified","743","413","_asset_pack/KL_Rahul_Codex_Asset_Pack/01_originals_renamed/02_india_breakthrough/kl-rahul-india-breakthrough-3639.jpg"
"original-pack-3640","kl-rahul-india-breakthrough-3640.jpg","/images/rahul/archive/gallery/02_india_breakthrough/kl-rahul-india-breakthrough-3640.webp","original-119","India","International limited overs","","2014–2017 · India breakthrough","Unverified — era-level photograph","false","International | Off Field","Gallery","Do not use for Test or IPL stories | Do not attach to an exact match or innings without independent verification","team/format/era verified","739","415","_asset_pack/KL_Rahul_Codex_Asset_Pack/01_originals_renamed/02_india_breakthrough/kl-rahul-india-breakthrough-3640.jpg"
"original-pack-3641","kl-rahul-established-india-3641.jpg","/images/rahul/archive/gallery/03_established_india/kl-rahul-established-india-3641.webp","original-119","India","ODI","","2018–2021 · established multi-format career","Unverified — era-level photograph","false","International | ODI | Centuries/Celebrations","Gallery","Do not use for Test or IPL stories | Do not attach to an exact match or innings without independent verification","team/format/era verified","1280","720","_asset_pack/KL_Rahul_Codex_Asset_Pack/01_originals_renamed/03_established_india/kl-rahul-established-india-3641.jpg"
"original-pack-3642","kl-rahul-established-india-3642.jpg","/images/rahul/archive/gallery/03_established_india/kl-rahul-established-india-3642.webp","original-119","","IPL","Punjab Kings","2018–2021 · established multi-format career","Unverified — era-level photograph","false","IPL | Punjab Kings","Gallery","Do not use for another IPL franchise or an India match | Do not attach to an exact match or innings without independent verification","team/format/era verified","759","422","_asset_pack/KL_Rahul_Codex_Asset_Pack/01_originals_renamed/03_established_india/kl-rahul-established-india-3642.jpg"
"original-pack-3643","kl-rahul-established-india-3643.jpg","/images/rahul/archive/gallery/03_established_india/kl-rahul-established-india-3643.webp","original-119","","IPL","Punjab Kings","2018–2021 · established multi-format career","Unverified — era-level photograph","false","IPL | Punjab Kings","Gallery","Do not use for another IPL franchise or an India match | Do not attach to an exact match or innings without independent verification","team/format/era verified","1920","1080","_asset_pack/KL_Rahul_Codex_Asset_Pack/01_originals_renamed/03_established_india/kl-rahul-established-india-3643.jpg"
"original-pack-3644","kl-rahul-established-india-3644.jpg","/images/rahul/archive/gallery/03_established_india/kl-rahul-established-india-3644.webp","original-119","","IPL","Punjab Kings","2018–2021 · established multi-format career","Unverified — era-level photograph","false","IPL | Punjab Kings | Centuries/Celebrations","Gallery","Do not use for another IPL franchise or an India match | Do not attach to an exact match or innings without independent verification","team/format/era verified","926","519","_asset_pack/KL_Rahul_Codex_Asset_Pack/01_originals_renamed/03_established_india/kl-rahul-established-india-3644.jpg"
"original-pack-3645","kl-rahul-established-india-3645.jpg","/images/rahul/archive/gallery/03_established_india/kl-rahul-established-india-3645.webp","original-119","India","Test","","2018–2021 · established multi-format career","Unverified — era-level photograph","false","International | Test | Centuries/Celebrations","Gallery","Do not use for ODI, T20I or IPL stories | Do not attach to an exact match or innings without independent verification","team/format/era verified","630","354","_asset_pack/KL_Rahul_Codex_Asset_Pack/01_originals_renamed/03_established_india/kl-rahul-established-india-3645.jpg"
"original-pack-3646","kl-rahul-established-india-3646.jpg","/images/rahul/archive/gallery/03_established_india/kl-rahul-established-india-3646.webp","original-119","India","Test","","2018–2021 · established multi-format career","Unverified — era-level photograph","false","International | Test | Centuries/Celebrations","Gallery","Do not use for ODI, T20I or IPL stories | Do not attach to an exact match or innings without independent verification","team/format/era verified","759","422","_asset_pack/KL_Rahul_Codex_Asset_Pack/01_originals_renamed/03_established_india/kl-rahul-established-india-3646.jpg"
"original-pack-3647","kl-rahul-established-india-3647.jpg","/images/rahul/archive/gallery/03_established_india/kl-rahul-established-india-3647.webp","original-119","India","ODI","","2018–2021 · established multi-format career","Unverified — era-level photograph","false","International | ODI | Centuries/Celebrations","Gallery","Do not use for Test or IPL stories | Do not attach to an exact match or innings without independent verification","team/format/era verified","960","540","_asset_pack/KL_Rahul_Codex_Asset_Pack/01_originals_renamed/03_established_india/kl-rahul-established-india-3647.jpg"
"original-pack-3648","kl-rahul-established-india-3648.jpg","/images/rahul/archive/gallery/03_established_india/kl-rahul-established-india-3648.webp","original-119","India","ODI","","2018–2021 · established multi-format career","Unverified — era-level photograph","false","International | ODI | Centuries/Celebrations","Gallery","Do not use for Test or IPL stories | Do not attach to an exact match or innings without independent verification","team/format/era verified","1200","630","_asset_pack/KL_Rahul_Codex_Asset_Pack/01_originals_renamed/03_established_india/kl-rahul-established-india-3648.jpg"
"original-pack-3649","kl-rahul-established-india-3649.jpg","/images/rahul/archive/gallery/03_established_india/kl-rahul-established-india-3649.webp","original-119","India","ODI","","2018–2021 · established multi-format career","Unverified — era-level photograph","false","International | ODI | Centuries/Celebrations","Gallery","Do not use for Test or IPL stories | Do not attach to an exact match or innings without independent verification","team/format/era verified","759","422","_asset_pack/KL_Rahul_Codex_Asset_Pack/01_originals_renamed/03_established_india/kl-rahul-established-india-3649.jpg"
"original-pack-3650","kl-rahul-established-india-3650.jpg","/images/rahul/archive/gallery/03_established_india/kl-rahul-established-india-3650.webp","original-119","India","ODI","","2018–2021 · established multi-format career","Unverified — era-level photograph","false","International | ODI","Gallery","Do not use for Test or IPL stories | Do not attach to an exact match or innings without independent verification","team/format/era verified","1200","675","_asset_pack/KL_Rahul_Codex_Asset_Pack/01_originals_renamed/03_established_india/kl-rahul-established-india-3650.jpg"
"original-pack-3651","kl-rahul-established-india-3651.jpg","/images/rahul/archive/gallery/03_established_india/kl-rahul-established-india-3651.webp","original-119","India","ODI","","2018–2021 · established multi-format career","Unverified — era-level photograph","false","International | ODI | Wicketkeeping","Gallery","Do not use for Test or IPL stories | Do not attach to an exact match or innings without independent verification","team/format/era verified","1200","900","_asset_pack/KL_Rahul_Codex_Asset_Pack/01_originals_renamed/03_established_india/kl-rahul-established-india-3651.jpg"
"original-pack-3652","kl-rahul-established-india-3652.jpg","/images/rahul/archive/gallery/03_established_india/kl-rahul-established-india-3652.webp","original-119","India","ODI","","2018–2021 · established multi-format career","Unverified — era-level photograph","false","International | ODI | Centuries/Celebrations","Gallery","Do not use for Test or IPL stories | Do not attach to an exact match or innings without independent verification","team/format/era verified","1200","675","_asset_pack/KL_Rahul_Codex_Asset_Pack/01_originals_renamed/03_established_india/kl-rahul-established-india-3652.jpg"
"original-pack-3653","kl-rahul-established-india-3653.jpg","/images/rahul/archive/gallery/03_established_india/kl-rahul-established-india-3653.webp","original-119","India","ODI","","2018–2021 · established multi-format career","Unverified — era-level photograph","false","International | ODI | Centuries/Celebrations","Gallery","Do not use for Test or IPL stories | Do not attach to an exact match or innings without independent verification","team/format/era verified","1296","729","_asset_pack/KL_Rahul_Codex_Asset_Pack/01_originals_renamed/03_established_india/kl-rahul-established-india-3653.jpg"
"original-pack-3655","kl-rahul-captaincy-and-lsg-3655.png","/images/rahul/archive/gallery/04_captaincy_and_lsg/kl-rahul-captaincy-and-lsg-3655.webp","original-119","","IPL","Punjab Kings","2020–2023 · franchise leadership","Unverified — era-level photograph","false","IPL | Punjab Kings | Centuries/Celebrations","Gallery","Do not use for another IPL franchise or an India match | Do not attach to an exact match or innings without independent verification","team/format/era verified","1024","576","_asset_pack/KL_Rahul_Codex_Asset_Pack/01_originals_renamed/04_captaincy_and_lsg/kl-rahul-captaincy-and-lsg-3655.png"
"original-pack-3656","kl-rahul-captaincy-and-lsg-3656.jpg","/images/rahul/archive/gallery/04_captaincy_and_lsg/kl-rahul-captaincy-and-lsg-3656.webp","original-119","India","Test","","2020–2023 · franchise leadership","Unverified — era-level photograph","false","International | Test | Centuries/Celebrations","Gallery","Do not use for ODI, T20I or IPL stories | Do not attach to an exact match or innings without independent verification","team/format/era verified","806","605","_asset_pack/KL_Rahul_Codex_Asset_Pack/01_originals_renamed/04_captaincy_and_lsg/kl-rahul-captaincy-and-lsg-3656.jpg"
"original-pack-3657","kl-rahul-captaincy-and-lsg-3657.jpg","/images/rahul/archive/gallery/04_captaincy_and_lsg/kl-rahul-captaincy-and-lsg-3657.webp","original-119","India","Test","","2020–2023 · franchise leadership","Unverified — era-level photograph","false","International | Test | Off Field | Centuries/Celebrations","Gallery","Do not use for ODI, T20I or IPL stories | Do not attach to an exact match or innings without independent verification","team/format/era verified","399","501","_asset_pack/KL_Rahul_Codex_Asset_Pack/01_originals_renamed/04_captaincy_and_lsg/kl-rahul-captaincy-and-lsg-3657.jpg"
"original-pack-3658","kl-rahul-captaincy-and-lsg-3658.jpg","/images/rahul/archive/gallery/04_captaincy_and_lsg/kl-rahul-captaincy-and-lsg-3658.webp","original-119","India","Test","","2020–2023 · franchise leadership","Unverified — era-level photograph","false","International | Test | Centuries/Celebrations","Gallery","Do not use for ODI, T20I or IPL stories | Do not attach to an exact match or innings without independent verification","team/format/era verified","452","678","_asset_pack/KL_Rahul_Codex_Asset_Pack/01_originals_renamed/04_captaincy_and_lsg/kl-rahul-captaincy-and-lsg-3658.jpg"
"original-pack-3659","kl-rahul-captaincy-and-lsg-3659.jpg","/images/rahul/archive/gallery/04_captaincy_and_lsg/kl-rahul-captaincy-and-lsg-3659.webp","original-119","India","Test","","2020–2023 · franchise leadership","Unverified — era-level photograph","false","International | Test | Centuries/Celebrations","Gallery","Do not use for ODI, T20I or IPL stories | Do not attach to an exact match or innings without independent verification","team/format/era verified","900","506","_asset_pack/KL_Rahul_Codex_Asset_Pack/01_originals_renamed/04_captaincy_and_lsg/kl-rahul-captaincy-and-lsg-3659.jpg"
"original-pack-3660","kl-rahul-captaincy-and-lsg-3660.jpg","/images/rahul/archive/gallery/04_captaincy_and_lsg/kl-rahul-captaincy-and-lsg-3660.webp","original-119","","IPL","LSG","2020–2023 · franchise leadership","Unverified — era-level photograph","false","IPL | LSG | Centuries/Celebrations","Gallery","Do not use for another IPL franchise or an India match | Do not attach to an exact match or innings without independent verification","team/format/era verified","676","453","_asset_pack/KL_Rahul_Codex_Asset_Pack/01_originals_renamed/04_captaincy_and_lsg/kl-rahul-captaincy-and-lsg-3660.jpg"
"original-pack-3661","kl-rahul-captaincy-and-lsg-3661.jpg","/images/rahul/archive/gallery/04_captaincy_and_lsg/kl-rahul-captaincy-and-lsg-3661.webp","original-119","","IPL","LSG","2020–2023 · franchise leadership","Unverified — era-level photograph","false","IPL | LSG | Centuries/Celebrations","Gallery","Do not use for another IPL franchise or an India match | Do not attach to an exact match or innings without independent verification","team/format/era verified","678","452","_asset_pack/KL_Rahul_Codex_Asset_Pack/01_originals_renamed/04_captaincy_and_lsg/kl-rahul-captaincy-and-lsg-3661.jpg"
"original-pack-3662","kl-rahul-captaincy-and-lsg-3662.jpg","/images/rahul/archive/gallery/04_captaincy_and_lsg/kl-rahul-captaincy-and-lsg-3662.webp","original-119","","IPL","LSG","2020–2023 · franchise leadership","Unverified — era-level photograph","false","IPL | LSG","Gallery","Do not use for another IPL franchise or an India match | Do not attach to an exact match or innings without independent verification","team/format/era verified","3201","4800","_asset_pack/KL_Rahul_Codex_Asset_Pack/01_originals_renamed/04_captaincy_and_lsg/kl-rahul-captaincy-and-lsg-3662.jpg"
"original-pack-3663","kl-rahul-captaincy-and-lsg-3663.jpg","/images/rahul/archive/gallery/04_captaincy_and_lsg/kl-rahul-captaincy-and-lsg-3663.webp","original-119","","IPL","LSG","2020–2023 · franchise leadership","Unverified — era-level photograph","false","IPL | LSG | Centuries/Celebrations","Gallery","Do not use for another IPL franchise or an India match | Do not attach to an exact match or innings without independent verification","team/format/era verified","739","415","_asset_pack/KL_Rahul_Codex_Asset_Pack/01_originals_renamed/04_captaincy_and_lsg/kl-rahul-captaincy-and-lsg-3663.jpg"
"original-pack-3665","kl-rahul-captaincy-and-lsg-3665.jpg","/images/rahul/archive/gallery/04_captaincy_and_lsg/kl-rahul-captaincy-and-lsg-3665.webp","original-119","","IPL","LSG","2020–2023 · franchise leadership","Unverified — era-level photograph","false","IPL | LSG","Gallery","Do not use for another IPL franchise or an India match | Do not attach to an exact match or innings without independent verification","team/format/era verified","766","1269","_asset_pack/KL_Rahul_Codex_Asset_Pack/01_originals_renamed/04_captaincy_and_lsg/kl-rahul-captaincy-and-lsg-3665.jpg"
"original-pack-3666","kl-rahul-captaincy-and-lsg-3666.jpg","/images/rahul/archive/gallery/04_captaincy_and_lsg/kl-rahul-captaincy-and-lsg-3666.webp","original-119","","IPL","LSG","2020–2023 · franchise leadership","Unverified — era-level photograph","false","IPL | LSG | Centuries/Celebrations","Gallery","Do not use for another IPL franchise or an India match | Do not attach to an exact match or innings without independent verification","team/format/era verified","739","415","_asset_pack/KL_Rahul_Codex_Asset_Pack/01_originals_renamed/04_captaincy_and_lsg/kl-rahul-captaincy-and-lsg-3666.jpg"
"original-pack-3667","kl-rahul-comeback-and-world-cup-3667.jpg","/images/rahul/archive/gallery/05_comeback_and_world_cup/kl-rahul-comeback-and-world-cup-3667.webp","original-119","India","International limited overs","","2023 · comeback and World Cup","Unverified — era-level photograph","false","International | Off Field","Gallery","Do not use for Test or IPL stories | Do not attach to an exact match or innings without independent verification","team/format/era verified","350","488","_asset_pack/KL_Rahul_Codex_Asset_Pack/01_originals_renamed/05_comeback_and_world_cup/kl-rahul-comeback-and-world-cup-3667.jpg"
"original-pack-3668","kl-rahul-comeback-and-world-cup-3668.jpg","/images/rahul/archive/gallery/05_comeback_and_world_cup/kl-rahul-comeback-and-world-cup-3668.webp","original-119","India","ODI","","2023 · comeback and World Cup","Unverified — era-level photograph","false","International | ODI | Centuries/Celebrations","Gallery","Do not use for Test or IPL stories | Do not attach to an exact match or innings without independent verification","team/format/era verified","1200","800","_asset_pack/KL_Rahul_Codex_Asset_Pack/01_originals_renamed/05_comeback_and_world_cup/kl-rahul-comeback-and-world-cup-3668.jpg"
"original-pack-3669","kl-rahul-comeback-and-world-cup-3669.webp","/images/rahul/archive/gallery/05_comeback_and_world_cup/kl-rahul-comeback-and-world-cup-3669.webp","original-119","India","ODI","","2023 · comeback and World Cup","Unverified — era-level photograph","false","International | ODI | Centuries/Celebrations","Gallery","Do not use for Test or IPL stories | Do not attach to an exact match or innings without independent verification","team/format/era verified","1280","720","_asset_pack/KL_Rahul_Codex_Asset_Pack/01_originals_renamed/05_comeback_and_world_cup/kl-rahul-comeback-and-world-cup-3669.webp"
"original-pack-3670","kl-rahul-comeback-and-world-cup-3670.jpg","/images/rahul/archive/gallery/05_comeback_and_world_cup/kl-rahul-comeback-and-world-cup-3670.webp","original-119","India","ODI","","2023 · comeback and World Cup","Unverified — era-level photograph","false","International | ODI","Gallery","Do not use for Test or IPL stories | Do not attach to an exact match or innings without independent verification","team/format/era verified","690","388","_asset_pack/KL_Rahul_Codex_Asset_Pack/01_originals_renamed/05_comeback_and_world_cup/kl-rahul-comeback-and-world-cup-3670.jpg"
"original-pack-3671","kl-rahul-comeback-and-world-cup-3671.jpg","/images/rahul/archive/gallery/05_comeback_and_world_cup/kl-rahul-comeback-and-world-cup-3671.webp","original-119","India","ODI","","2023 · comeback and World Cup","Unverified — era-level photograph","false","International | ODI","Gallery","Do not use for Test or IPL stories | Do not attach to an exact match or innings without independent verification","team/format/era verified","1200","675","_asset_pack/KL_Rahul_Codex_Asset_Pack/01_originals_renamed/05_comeback_and_world_cup/kl-rahul-comeback-and-world-cup-3671.jpg"
"original-pack-3672","kl-rahul-comeback-and-world-cup-3672.jpg","/images/rahul/archive/gallery/05_comeback_and_world_cup/kl-rahul-comeback-and-world-cup-3672.webp","original-119","India","ODI","","2023 · comeback and World Cup","Unverified — era-level photograph","false","International | ODI | Wicketkeeping","Gallery","Do not use for Test or IPL stories | Do not attach to an exact match or innings without independent verification","team/format/era verified","667","460","_asset_pack/KL_Rahul_Codex_Asset_Pack/01_originals_renamed/05_comeback_and_world_cup/kl-rahul-comeback-and-world-cup-3672.jpg"
"original-pack-3673","kl-rahul-comeback-and-world-cup-3673.jpg","/images/rahul/archive/gallery/05_comeback_and_world_cup/kl-rahul-comeback-and-world-cup-3673.webp","original-119","India","ODI","","2023 · comeback and World Cup","Unverified — era-level photograph","false","International | ODI | Centuries/Celebrations","Gallery","Do not use for Test or IPL stories | Do not attach to an exact match or innings without independent verification","team/format/era verified","480","640","_asset_pack/KL_Rahul_Codex_Asset_Pack/01_originals_renamed/05_comeback_and_world_cup/kl-rahul-comeback-and-world-cup-3673.jpg"
"original-pack-3675","kl-rahul-comeback-and-world-cup-3675.jpg","/images/rahul/archive/gallery/05_comeback_and_world_cup/kl-rahul-comeback-and-world-cup-3675.webp","original-119","India","ODI","","2023 · comeback and World Cup","Unverified — era-level photograph","false","International | ODI | Centuries/Celebrations","Gallery","Do not use for Test or IPL stories | Do not attach to an exact match or innings without independent verification","team/format/era verified","320","427","_asset_pack/KL_Rahul_Codex_Asset_Pack/01_originals_renamed/05_comeback_and_world_cup/kl-rahul-comeback-and-world-cup-3675.jpg"
"original-pack-3676","kl-rahul-comeback-and-world-cup-3676.jpg","/images/rahul/archive/gallery/05_comeback_and_world_cup/kl-rahul-comeback-and-world-cup-3676.webp","original-119","India","ODI","","2023 · comeback and World Cup","Unverified — era-level photograph","false","International | ODI | Centuries/Celebrations","Gallery","Do not use for Test or IPL stories | Do not attach to an exact match or innings without independent verification","team/format/era verified","736","1308","_asset_pack/KL_Rahul_Codex_Asset_Pack/01_originals_renamed/05_comeback_and_world_cup/kl-rahul-comeback-and-world-cup-3676.jpg"
"original-pack-3677","kl-rahul-comeback-and-world-cup-3677.webp","/images/rahul/archive/gallery/05_comeback_and_world_cup/kl-rahul-comeback-and-world-cup-3677.webp","original-119","India","ODI","","2023 · comeback and World Cup","Unverified — era-level photograph","false","International | ODI | Centuries/Celebrations","Gallery","Do not use for Test or IPL stories | Do not attach to an exact match or innings without independent verification","team/format/era verified","4800","3161","_asset_pack/KL_Rahul_Codex_Asset_Pack/01_originals_renamed/05_comeback_and_world_cup/kl-rahul-comeback-and-world-cup-3677.webp"
"original-pack-3679","kl-rahul-comeback-and-world-cup-3679.jpg","/images/rahul/archive/gallery/05_comeback_and_world_cup/kl-rahul-comeback-and-world-cup-3679.webp","original-119","India","ODI","","2023 · comeback and World Cup","Unverified — era-level photograph","false","International | ODI | Wicketkeeping","Gallery","Do not use for Test or IPL stories | Do not attach to an exact match or innings without independent verification","team/format/era verified","1011","677","_asset_pack/KL_Rahul_Codex_Asset_Pack/01_originals_renamed/05_comeback_and_world_cup/kl-rahul-comeback-and-world-cup-3679.jpg"
"original-pack-3680","kl-rahul-comeback-and-world-cup-3680.jpg","/images/rahul/archive/gallery/05_comeback_and_world_cup/kl-rahul-comeback-and-world-cup-3680.webp","original-119","India","ODI","","2023 · comeback and World Cup","Unverified — era-level photograph","false","International | ODI | Centuries/Celebrations","Gallery","Do not use for Test or IPL stories | Do not attach to an exact match or innings without independent verification","team/format/era verified","1280","720","_asset_pack/KL_Rahul_Codex_Asset_Pack/01_originals_renamed/05_comeback_and_world_cup/kl-rahul-comeback-and-world-cup-3680.jpg"
"original-pack-3681","kl-rahul-current-chapter-3681.jpg","/images/rahul/archive/gallery/06_current_chapter/kl-rahul-current-chapter-3681.webp","original-119","India","ODI","","2024–present · current chapter","Unverified — era-level photograph","false","International | ODI","Gallery","Do not use for Test or IPL stories | Do not attach to an exact match or innings without independent verification","team/format/era verified","1920","1298","_asset_pack/KL_Rahul_Codex_Asset_Pack/01_originals_renamed/06_current_chapter/kl-rahul-current-chapter-3681.jpg"
"original-pack-3682","kl-rahul-current-chapter-3682.jpg","/images/rahul/archive/gallery/06_current_chapter/kl-rahul-current-chapter-3682.webp","original-119","India","Test","","2024–present · current chapter","Unverified — era-level photograph","false","International | Test | Centuries/Celebrations","Gallery","Do not use for ODI, T20I or IPL stories | Do not attach to an exact match or innings without independent verification","team/format/era verified","1200","675","_asset_pack/KL_Rahul_Codex_Asset_Pack/01_originals_renamed/06_current_chapter/kl-rahul-current-chapter-3682.jpg"
"original-pack-3683","kl-rahul-current-chapter-3683.png","/images/rahul/archive/gallery/06_current_chapter/kl-rahul-current-chapter-3683.webp","original-119","India","Test","","2024–present · current chapter","Unverified — era-level photograph","false","International | Test","Gallery","Do not use for ODI, T20I or IPL stories | Do not attach to an exact match or innings without independent verification","team/format/era verified","1600","900","_asset_pack/KL_Rahul_Codex_Asset_Pack/01_originals_renamed/06_current_chapter/kl-rahul-current-chapter-3683.png"
"original-pack-3684","kl-rahul-current-chapter-3684.jpg","/images/rahul/archive/gallery/06_current_chapter/kl-rahul-current-chapter-3684.webp","original-119","India","Test","","2024–present · current chapter","Unverified — era-level photograph","false","International | Test","Gallery","Do not use for ODI, T20I or IPL stories | Do not attach to an exact match or innings without independent verification","team/format/era verified","4500","3001","_asset_pack/KL_Rahul_Codex_Asset_Pack/01_originals_renamed/06_current_chapter/kl-rahul-current-chapter-3684.jpg"
"original-pack-3685","kl-rahul-current-chapter-3685.webp","/images/rahul/archive/gallery/06_current_chapter/kl-rahul-current-chapter-3685.webp","original-119","India","Test","","2024–present · current chapter","Unverified — era-level photograph","false","International | Test","Gallery","Do not use for ODI, T20I or IPL stories | Do not attach to an exact match or innings without independent verification","team/format/era verified","960","640","_asset_pack/KL_Rahul_Codex_Asset_Pack/01_originals_renamed/06_current_chapter/kl-rahul-current-chapter-3685.webp"
"original-pack-3686","kl-rahul-current-chapter-3686.jpg","/images/rahul/archive/gallery/06_current_chapter/kl-rahul-current-chapter-3686.webp","original-119","India","Test","","2024–present · current chapter","Unverified — era-level photograph","false","International | Test","Gallery","Do not use for ODI, T20I or IPL stories | Do not attach to an exact match or innings without independent verification","team/format/era verified","1279","720","_asset_pack/KL_Rahul_Codex_Asset_Pack/01_originals_renamed/06_current_chapter/kl-rahul-current-chapter-3686.jpg"
"original-pack-3688","kl-rahul-current-chapter-3688.jpg","/images/rahul/archive/gallery/06_current_chapter/kl-rahul-current-chapter-3688.webp","original-119","","IPL","Delhi Capitals","2024–present · current chapter","Unverified — era-level photograph","false","IPL | Delhi Capitals","Gallery","Do not use for another IPL franchise or an India match | Do not attach to an exact match or innings without independent verification","team/format/era verified","670","458","_asset_pack/KL_Rahul_Codex_Asset_Pack/01_originals_renamed/06_current_chapter/kl-rahul-current-chapter-3688.jpg"
"original-pack-3689","kl-rahul-current-chapter-3689.jpg","/images/rahul/archive/gallery/06_current_chapter/kl-rahul-current-chapter-3689.webp","original-119","","IPL","Delhi Capitals","2024–present · current chapter","Unverified — era-level photograph","false","IPL | Delhi Capitals | Centuries/Celebrations","Gallery","Do not use for another IPL franchise or an India match | Do not attach to an exact match or innings without independent verification","team/format/era verified","739","415","_asset_pack/KL_Rahul_Codex_Asset_Pack/01_originals_renamed/06_current_chapter/kl-rahul-current-chapter-3689.jpg"
"original-pack-3690","kl-rahul-current-chapter-3690.jpg","/images/rahul/archive/gallery/06_current_chapter/kl-rahul-current-chapter-3690.webp","original-119","","IPL","Delhi Capitals","2024–present · current chapter","Unverified — era-level photograph","false","IPL | Delhi Capitals | Centuries/Celebrations","Gallery","Do not use for another IPL franchise or an India match | Do not attach to an exact match or innings without independent verification","team/format/era verified","1200","738","_asset_pack/KL_Rahul_Codex_Asset_Pack/01_originals_renamed/06_current_chapter/kl-rahul-current-chapter-3690.jpg"
"original-pack-3691","kl-rahul-current-chapter-3691.jpg","/images/rahul/archive/gallery/06_current_chapter/kl-rahul-current-chapter-3691.webp","original-119","","IPL","Delhi Capitals","2024–present · current chapter","Unverified — era-level photograph","false","IPL | Delhi Capitals | Centuries/Celebrations","Gallery","Do not use for another IPL franchise or an India match | Do not attach to an exact match or innings without independent verification","team/format/era verified","1200","800","_asset_pack/KL_Rahul_Codex_Asset_Pack/01_originals_renamed/06_current_chapter/kl-rahul-current-chapter-3691.jpg"
"original-pack-3692","kl-rahul-current-chapter-3692.webp","/images/rahul/archive/gallery/06_current_chapter/kl-rahul-current-chapter-3692.webp","original-119","India","ODI","","2024–present · current chapter","Unverified — era-level photograph","false","International | ODI","Gallery","Do not use for Test or IPL stories | Do not attach to an exact match or innings without independent verification","team/format/era verified","900","600","_asset_pack/KL_Rahul_Codex_Asset_Pack/01_originals_renamed/06_current_chapter/kl-rahul-current-chapter-3692.webp"
"original-pack-3693","kl-rahul-current-chapter-3693.jpg","/images/rahul/archive/gallery/06_current_chapter/kl-rahul-current-chapter-3693.webp","original-119","India","International limited overs","","2024–present · current chapter","Unverified — era-level photograph","false","International | Off Field","Gallery","Do not use for Test or IPL stories | Do not attach to an exact match or innings without independent verification","team/format/era verified","1600","900","_asset_pack/KL_Rahul_Codex_Asset_Pack/01_originals_renamed/06_current_chapter/kl-rahul-current-chapter-3693.jpg"
"original-pack-3694","kl-rahul-current-chapter-3694.jpg","/images/rahul/archive/gallery/06_current_chapter/kl-rahul-current-chapter-3694.webp","original-119","India","ODI","","2024–present · current chapter","Unverified — era-level photograph","false","International | ODI | Centuries/Celebrations","Gallery","Do not use for Test or IPL stories | Do not attach to an exact match or innings without independent verification","team/format/era verified","480","640","_asset_pack/KL_Rahul_Codex_Asset_Pack/01_originals_renamed/06_current_chapter/kl-rahul-current-chapter-3694.jpg"
"original-pack-3695","kl-rahul-current-chapter-3695.jpg","/images/rahul/archive/gallery/06_current_chapter/kl-rahul-current-chapter-3695.webp","original-119","India","Test","","2024–present · current chapter","Unverified — era-level photograph","false","International | Test","Gallery","Do not use for ODI, T20I or IPL stories | Do not attach to an exact match or innings without independent verification","team/format/era verified","1080","2205","_asset_pack/KL_Rahul_Codex_Asset_Pack/01_originals_renamed/06_current_chapter/kl-rahul-current-chapter-3695.jpg"
"original-pack-3696","kl-rahul-current-chapter-3696.jpg","/images/rahul/archive/gallery/06_current_chapter/kl-rahul-current-chapter-3696.webp","original-119","India","Test","","2024–present · current chapter","Unverified — era-level photograph","false","International | Test","Gallery","Do not use for ODI, T20I or IPL stories | Do not attach to an exact match or innings without independent verification","team/format/era verified","1200","675","_asset_pack/KL_Rahul_Codex_Asset_Pack/01_originals_renamed/06_current_chapter/kl-rahul-current-chapter-3696.jpg"
"original-pack-3697","kl-rahul-current-chapter-3697.jpg","/images/rahul/archive/gallery/06_current_chapter/kl-rahul-current-chapter-3697.webp","original-119","India","Test","","2024–present · current chapter","Unverified — era-level photograph","false","International | Test | Centuries/Celebrations","Gallery","Do not use for ODI, T20I or IPL stories | Do not attach to an exact match or innings without independent verification","team/format/era verified","1280","720","_asset_pack/KL_Rahul_Codex_Asset_Pack/01_originals_renamed/06_current_chapter/kl-rahul-current-chapter-3697.jpg"
"original-pack-3698","kl-rahul-current-chapter-3698.jpg","/images/rahul/archive/gallery/06_current_chapter/kl-rahul-current-chapter-3698.webp","original-119","India","Test","","2024–present · current chapter","Unverified — era-level photograph","false","International | Test | Centuries/Celebrations","Gallery","Do not use for ODI, T20I or IPL stories | Do not attach to an exact match or innings without independent verification","team/format/era verified","1600","900","_asset_pack/KL_Rahul_Codex_Asset_Pack/01_originals_renamed/06_current_chapter/kl-rahul-current-chapter-3698.jpg"
"original-pack-3699","kl-rahul-current-chapter-3699.jpg","/images/rahul/archive/gallery/06_current_chapter/kl-rahul-current-chapter-3699.webp","original-119","India","Test","","2024–present · current chapter","Unverified — era-level photograph","false","International | Test | Centuries/Celebrations","Gallery","Do not use for ODI, T20I or IPL stories | Do not attach to an exact match or innings without independent verification","team/format/era verified","800","450","_asset_pack/KL_Rahul_Codex_Asset_Pack/01_originals_renamed/06_current_chapter/kl-rahul-current-chapter-3699.jpg"
"original-pack-3700","kl-rahul-current-chapter-3700.jpg","/images/rahul/archive/gallery/06_current_chapter/kl-rahul-current-chapter-3700.webp","original-119","India","Test","","2024–present · current chapter","Unverified — era-level photograph","false","International | Test","Gallery","Do not use for ODI, T20I or IPL stories | Do not attach to an exact match or innings without independent verification","team/format/era verified","1600","900","_asset_pack/KL_Rahul_Codex_Asset_Pack/01_originals_renamed/06_current_chapter/kl-rahul-current-chapter-3700.jpg"
"supplemental-01","0120cce0c2bf0977bbde371ef732caf9.jpg","/images/rahul/verified/01-current-india-odi-bat-raise.webp","supplemental-41","India","ODI","","2026 current India ODI","Unverified — era/team/format context only","false","International | ODI | Centuries/Celebrations","Journey current ODI form | Gallery International/ODI | generic current ODI record","Do not label Afghanistan Test or Champions Trophy","era/team verified","1200","1800","_verified_image_pack/KL_Rahul_Verified_Image_Pack/02_enhanced_web/01-current-india-odi-bat-raise.webp"
"supplemental-02","03-4-1024x620.webp","/images/rahul/verified/02-2019-world-cup-century-celebration.webp","supplemental-41","India","ODI","","2023 ODI World Cup","India vs Netherlands · Bengaluru · 12 November 2023","true","International | ODI | Centuries/Celebrations","Century Vault 102 vs Netherlands · 2023-11-12 | Gallery ODI/World Cup","Do not use for 2019 World Cup, Test cricket or 2025 Champions Trophy","exact-event verified","1024","620","_verified_image_pack/KL_Rahul_Verified_Image_Pack/02_enhanced_web/02-2019-world-cup-century-celebration.webp"
"supplemental-03","0c7187b8cd6701a011bb9bce6bb86caf.jpg","/images/rahul/verified/03-delhi-capitals-2025-wave.webp","supplemental-41","","IPL","Delhi Capitals","Delhi Capitals 2025","Unverified — era/team/format context only","false","IPL | Delhi Capitals","Journey Delhi Capitals resurgence | Gallery IPL/DC","Do not use for India or older IPL franchises","team verified","736","981","_verified_image_pack/KL_Rahul_Verified_Image_Pack/02_enhanced_web/03-delhi-capitals-2025-wave.webp"
"supplemental-05","348895.webp","/images/rahul/verified/05-india-odi-batting-2019-era.webp","supplemental-41","India","ODI","","2019 India ODI/World Cup era","Unverified — era/team/format context only","false","International | ODI","Journey multi-format rise | Gallery International/ODI","Do not attach to a specific century without verification","era/team verified","1200","800","_verified_image_pack/KL_Rahul_Verified_Image_Pack/02_enhanced_web/05-india-odi-batting-2019-era.webp"
"supplemental-06","403587.webp","/images/rahul/verified/06-test-cricket-walking-2025-era.webp","supplemental-41","India","Test","","2025 red-ball era","Unverified — era/team/format context only","false","International | Test","Journey 2025 red-ball renewal | Gallery Test","Do not use as Afghanistan 2026 exact century image","era/team verified","1280","853","_verified_image_pack/KL_Rahul_Verified_Image_Pack/02_enhanced_web/06-test-cricket-walking-2025-era.webp"
"supplemental-07","417941.webp","/images/rahul/verified/07-current-test-century-celebration.webp","supplemental-41","India","Test","","2025–2026 current Test era","Unverified — era/team/format context only","false","International | Test | Centuries/Celebrations","Journey current Test continuation | Century Vault only after exact-match verification","Likely current Test image | do not claim Afghanistan solely from appearance","era/team verified","1280","853","_verified_image_pack/KL_Rahul_Verified_Image_Pack/02_enhanced_web/07-current-test-century-celebration.webp"
"supplemental-08","41fcbada0f24916a04b975b811bca2d2.jpg","/images/rahul/verified/08-current-india-blue-helmet-kiss.webp","supplemental-41","India","ODI","","2026 current India ODI era","Unverified — era/team/format context only","false","International | ODI | Centuries/Celebrations","Journey current white-ball contribution | Gallery ODI","Do not use for a specific hundred until verified","era/team verified","736","1307","_verified_image_pack/KL_Rahul_Verified_Image_Pack/02_enhanced_web/08-current-india-blue-helmet-kiss.webp"
"supplemental-09","42f966525a23208978107bfb31133ae8.jpg","/images/rahul/verified/09-india-blue-editorial-portrait.webp","supplemental-41","India","International limited overs","","India white-ball portrait","Unverified — era/team/format context only","false","International","Gallery International/Portrait | optional section divider","Do not attach to a specific match","team verified","1200","2582","_verified_image_pack/KL_Rahul_Verified_Image_Pack/02_enhanced_web/09-india-blue-editorial-portrait.webp"
"supplemental-10","575d0c2e6e510a1dcdda0053_388038309.jpg","/images/rahul/verified/10-india-white-ball-2016-zimbabwe-era.webp","supplemental-41","India","ODI","","2016 Zimbabwe white-ball arrival era","Unverified — era/team/format context only","false","International | ODI","Journey 2016 white-ball arrival | Gallery ODI","Do not call it the exact debut-century celebration without verification","era/team verified","555","768","_verified_image_pack/KL_Rahul_Verified_Image_Pack/02_enhanced_web/10-india-white-ball-2016-zimbabwe-era.webp"
"supplemental-11","6aef19632c1c27dcf849bcb291e1aad5.jpg","/images/rahul/verified/11-world-cup-2023-disappointment.webp","supplemental-41","India","ODI","","ODI World Cup 2023","Unverified — era/team/format context only","false","International | ODI","Journey 2023 World Cup finalist and final disappointment | Gallery World Cup","Do not use as a century celebration","event/era verified","1200","675","_verified_image_pack/KL_Rahul_Verified_Image_Pack/02_enhanced_web/11-world-cup-2023-disappointment.webp"
"supplemental-12","768-512-11171235-543-11171235-1616765285329.jpg","/images/rahul/verified/12-t20i-ear-celebration-2022-era.webp","supplemental-41","India","T20I","","2021–2022 T20I era","Unverified — era/team/format context only","false","International | T20I | Centuries/Celebrations","Journey difficult T20 World Cup period | Gallery T20I","Do not attach to one exact game unless verified","era/team verified","768","512","_verified_image_pack/KL_Rahul_Verified_Image_Pack/02_enhanced_web/12-t20i-ear-celebration-2022-era.webp"
"supplemental-13","824512-47620-eyukusseut-1482062281.jpg","/images/rahul/verified/13-early-test-century-celebration.webp","supplemental-41","India","Test","","Early Test career","Unverified — era/team/format context only","false","International | Test | Centuries/Celebrations","Journey Sydney breakthrough candidate | Gallery Test/Centuries","Confirm Sydney 2015 before using as exact 110 image","era/team verified","1200","538","_verified_image_pack/KL_Rahul_Verified_Image_Pack/02_enhanced_web/13-early-test-century-celebration.webp"
"supplemental-15","8f14e5199d0a94b0e6996d97614bdad7.jpg","/images/rahul/verified/15-current-india-odi-ground-portrait.webp","supplemental-41","India","ODI","","2026 current India ODI","Unverified — era/team/format context only","false","International | ODI","Journey current ODI contribution | Gallery International/ODI","Do not assign exact match without verification","era/team verified","718","718","_verified_image_pack/KL_Rahul_Verified_Image_Pack/02_enhanced_web/15-current-india-odi-ground-portrait.webp"
"supplemental-16","9bf2d8bcea34c72c21535b5993dc00ba.jpg","/images/rahul/verified/16-punjab-kings-cap-portrait.webp","supplemental-41","","IPL","Punjab Kings","Punjab Kings captaincy era","Unverified — era/team/format context only","false","IPL | Punjab Kings","Journey Punjab leadership | Gallery IPL/Punjab","Never use for Established India or LSG","team verified","828","540","_verified_image_pack/KL_Rahul_Verified_Image_Pack/02_enhanced_web/16-punjab-kings-cap-portrait.webp"
"supplemental-17","ANI-20250311145001.jpg","/images/rahul/verified/17-champions-trophy-2025-trophy-portrait.webp","supplemental-41","India","ODI","","Champions Trophy 2025 victory","Champions Trophy 2025 victory","true","International | ODI | Centuries/Celebrations","Journey Champions Trophy | Gallery Trophies","Low resolution: small card only or replace online","exact event verified","600","450","_verified_image_pack/KL_Rahul_Verified_Image_Pack/02_enhanced_web/17-champions-trophy-2025-trophy-portrait.webp"
"supplemental-18","KL-Rahul-2020-IPL.webp","/images/rahul/verified/18-punjab-kings-2020-ipl-action.webp","supplemental-41","","IPL","Punjab Kings","IPL 2020 Punjab era","Unverified — era/team/format context only","false","IPL | Punjab Kings","Journey Punjab run-scoring/captaincy | Gallery IPL/Punjab","Do not use for RCB/LSG/DC","filename/team verified","1200","700","_verified_image_pack/KL_Rahul_Verified_Image_Pack/02_enhanced_web/18-punjab-kings-2020-ipl-action.webp"
"supplemental-19","KL-Rahul-Bowled.jpg","/images/rahul/verified/19-india-white-ball-dismissal.webp","supplemental-41","India","T20I","","India white-ball difficult phase","Unverified — era/team/format context only","false","International | T20I","Journey difficult T20I phase | Gallery T20I","Do not label the opponent unless separately verified","content verified","1280","875","_verified_image_pack/KL_Rahul_Verified_Image_Pack/02_enhanced_web/19-india-white-ball-dismissal.webp"
"supplemental-20","KL-Rahul-celebration-after-sealing-DCs-win-over-RCB-goes-viral-2025-04-e51d1857e7b964a025e375972478aebf-16x9.avif","/images/rahul/verified/20-dc-win-vs-rcb-2025.webp","supplemental-41","","IPL","Delhi Capitals","Delhi Capitals vs RCB 2025","Unverified — era/team/format context only","false","IPL | RCB | Delhi Capitals","Journey DC 2025 resurgence | Gallery IPL/DC","Low resolution composite: small card only or replace","exact event from filename","640","360","_verified_image_pack/KL_Rahul_Verified_Image_Pack/02_enhanced_web/20-dc-win-vs-rcb-2025.webp"
"supplemental-21","Kl-Rahul-Shubman-Gill.jpg","/images/rahul/verified/21-current-test-century-with-gill.webp","supplemental-41","India","Test","","Current Test era, Gill present","Unverified — era/team/format context only","false","International | Test | Centuries/Celebrations","Journey 2026 Test continuation | Afghanistan 2026 candidate pending source match","Do not publish Afghanistan exact caption until verified","content/era verified","1280","750","_verified_image_pack/KL_Rahul_Verified_Image_Pack/02_enhanced_web/21-current-test-century-with-gill.webp"
"supplemental-22","OIP.webp","/images/rahul/verified/22-india-white-ball-bat-raise-2020-22.webp","supplemental-41","India","T20I","","2020–2022 India white-ball era","Unverified — era/team/format context only","false","International | T20I | Centuries/Celebrations","Gallery International/T20I | supporting T20I absence story","Very low resolution | never use as feature image","era/team verified","474","316","_verified_image_pack/KL_Rahul_Verified_Image_Pack/02_enhanced_web/22-india-white-ball-bat-raise-2020-22.webp"
"supplemental-23","R.jpg","/images/rahul/verified/23-young-india-player-portrait.webp","supplemental-41","","","","Youth/early India pathway","Unverified — era/team/format context only","false","Domestic/Early Career","Journey early development | Gallery Early Career","Do not call senior international debut","content verified","1024","1024","_verified_image_pack/KL_Rahul_Verified_Image_Pack/02_enhanced_web/23-young-india-player-portrait.webp"
"supplemental-24","World-Cup-2027.jpg","/images/rahul/verified/24-world-cup-2023-walk-off.webp","supplemental-41","India","ODI","","ODI World Cup 2023","Unverified — era/team/format context only","false","International | ODI","Journey 2023 World Cup | Gallery International/World Cup","Filename is misleading | not World Cup 2027","visual era verified","2419","3129","_verified_image_pack/KL_Rahul_Verified_Image_Pack/02_enhanced_web/24-world-cup-2023-walk-off.webp"
"supplemental-25","b403de8c2017ad8bfcaeb3606d2dcafd.jpg","/images/rahul/verified/25-young-rcb-portrait.webp","supplemental-41","","IPL","RCB","Early RCB era","Unverified — era/team/format context only","false","IPL | RCB","Journey early IPL/RCB emergence | Gallery IPL/RCB","Do not use for Punjab/LSG/DC","team verified","720","722","_verified_image_pack/KL_Rahul_Verified_Image_Pack/02_enhanced_web/25-young-rcb-portrait.webp"
"supplemental-26","badeaec011e464ea0b5fadc6b2a77f27.jpg","/images/rahul/verified/26-india-white-ball-helmet-kiss-2020-22.webp","supplemental-41","India","ODI","","2020–2022 India white-ball era","Unverified — era/team/format context only","false","International | ODI | T20I | Centuries/Celebrations","Gallery International | Journey white-ball phase","Exact match/format uncertain","era/team verified","764","934","_verified_image_pack/KL_Rahul_Verified_Image_Pack/02_enhanced_web/26-india-white-ball-helmet-kiss-2020-22.webp"
"supplemental-27","d8a543c952a2147f0a5f168b9c55fb0d.jpg","/images/rahul/verified/27-current-india-team-candid.webp","supplemental-41","India","International limited overs","","Current India white-ball team","Unverified — era/team/format context only","false","International","Gallery International/Team | supporting current chapter","Do not use as exact trophy image","era/team verified","735","817","_verified_image_pack/KL_Rahul_Verified_Image_Pack/02_enhanced_web/27-current-india-team-candid.webp"
"supplemental-28","da7398149e8acb02abe0126d256f31d7.jpg","/images/rahul/verified/28-world-cup-2023-bat-raise.webp","supplemental-41","India","ODI","","ODI World Cup 2023","Unverified — era/team/format context only","false","International | ODI | Centuries/Celebrations","Journey 2023 World Cup | Century Vault candidate after match verification","Likely Netherlands hundred imagery | verify before exact 102 caption","event/era verified","735","1256","_verified_image_pack/KL_Rahul_Verified_Image_Pack/02_enhanced_web/28-world-cup-2023-bat-raise.webp"
"supplemental-29","e0ef6fea636ce6e404c39a4efe6e9477.jpg","/images/rahul/verified/29-india-cap-wave-portrait.webp","supplemental-41","India","International limited overs","","India team portrait/training","Unverified — era/team/format context only","false","International","Gallery International/Portrait | optional transition","Do not attach to a record","content verified","1199","800","_verified_image_pack/KL_Rahul_Verified_Image_Pack/02_enhanced_web/29-india-cap-wave-portrait.webp"
"supplemental-31","e8c46a23d1a408794307710dd6e2ca23.jpg","/images/rahul/verified/31-india-wicketkeeper-2020-22.webp","supplemental-41","India","International limited overs","","2020–2022 India wicketkeeping","Unverified — era/team/format context only","false","International | Wicketkeeping","Gallery Wicketkeeping | Journey role development","Do not use for Champions Trophy 2025","content/era verified","828","1026","_verified_image_pack/KL_Rahul_Verified_Image_Pack/02_enhanced_web/31-india-wicketkeeper-2020-22.webp"
"supplemental-32","ea60e3ed873dbb8576b5a959985c8c15.jpg","/images/rahul/verified/32-india-world-cup-2023-celebration.webp","supplemental-41","India","ODI","","ODI World Cup 2023","Unverified — era/team/format context only","false","International | ODI | Centuries/Celebrations","Journey 2023 World Cup | Gallery Centuries/Celebrations","Exact innings uncertain","event/era verified","735","541","_verified_image_pack/KL_Rahul_Verified_Image_Pack/02_enhanced_web/32-india-world-cup-2023-celebration.webp"
"supplemental-33","f470e28ec6d454cd4f2715c78319fb79fba2a21e-16x9-x0y0w1280h720.jpg","/images/rahul/verified/33-champions-trophy-2025-team-celebration.webp","supplemental-41","India","ODI","","Champions Trophy 2025 team victory","Champions Trophy 2025 team victory","true","International | ODI | Centuries/Celebrations","Journey CT 2025 | Gallery Trophies | closing story","Do not use for T20 World Cup","exact event verified","1200","675","_verified_image_pack/KL_Rahul_Verified_Image_Pack/02_enhanced_web/33-champions-trophy-2025-team-celebration.webp"
"supplemental-34","fc0d1aa2a9262db4b1f8bb69273ab94a.jpg","/images/rahul/verified/34-delhi-capitals-2025-awards.webp","supplemental-41","","IPL","Delhi Capitals","Delhi Capitals 2025","Unverified — era/team/format context only","false","IPL | Delhi Capitals | Centuries/Celebrations","Journey DC resurgence | Gallery IPL/DC","Do not use for India achievement","team/event era verified","735","969","_verified_image_pack/KL_Rahul_Verified_Image_Pack/02_enhanced_web/34-delhi-capitals-2025-awards.webp"
"supplemental-37","kl-rahul-test-century_202201307373.jpg","/images/rahul/verified/37-south-africa-test-century-2021-22-era.webp","supplemental-41","India","Test","","South Africa Test century era 2021–22","Unverified — era/team/format context only","false","International | Test | Centuries/Celebrations","Journey Test resilience | Century Vault after exact score verification","Do not use for Afghanistan 2026","filename/era verified","686","514","_verified_image_pack/KL_Rahul_Verified_Image_Pack/02_enhanced_web/37-south-africa-test-century-2021-22-era.webp"
"supplemental-38","klrahuloct9century.jpg","/images/rahul/verified/38-india-limited-overs-bat-raise.webp","supplemental-41","India","ODI","","India limited-overs bat raise","Unverified — era/team/format context only","false","International | ODI | Centuries/Celebrations","Gallery International/ODI | general India limited-overs context","Do not use for Test, red-ball, Afghanistan 2026 or an exact century claim","format/team verified; exact event unverified","1200","800","_verified_image_pack/KL_Rahul_Verified_Image_Pack/02_enhanced_web/38-current-test-century-back-view.webp"
"supplemental-39","lokesh-rahul-plays-a-shot-during-their-second-test-against-sri-lanka-in-colombo-1511184832.jpg","/images/rahul/verified/39-sri-lanka-colombo-test-2017.webp","supplemental-41","India","Test","","Sri Lanka second Test, Colombo 2017","Unverified — era/team/format context only","false","International | Test","Journey Test/multi-format development | Gallery Test","Do not use for a century unless score verified","exact event from filename","1024","662","_verified_image_pack/KL_Rahul_Verified_Image_Pack/02_enhanced_web/39-sri-lanka-colombo-test-2017.webp"
"supplemental-40","oar2.jpg","/images/rahul/verified/40-young-india-team-candid.webp","supplemental-41","","","","Young India pathway/candid","Unverified — era/team/format context only","false","Domestic/Early Career","Gallery Early Career/Off Field | supporting beginnings","Very low resolution | small card only","content verified","405","720","_verified_image_pack/KL_Rahul_Verified_Image_Pack/02_enhanced_web/40-young-india-team-candid.webp"
"supplemental-41","thequint_2019-12_5d05456c-dfec-46dd-baae-6028a56ae108_AP19352458195255.avif","/images/rahul/verified/41-india-t20i-2019-celebration.webp","supplemental-41","India","T20I","","India T20I 2019 era","Unverified — era/team/format context only","false","International | T20I | Centuries/Celebrations","Journey multi-format/T20I rise | Gallery T20I","Exact match uncertain","filename/date era verified","1200","666","_verified_image_pack/KL_Rahul_Verified_Image_Pack/02_enhanced_web/41-india-t20i-2019-celebration.webp"
